Artist,Listeners,Daily +/-,Peak,PkListeners
Bruno Mars,"130,345,721","-90,799",1,"151,079,821"
The Weeknd,"116,545,877","-61,067",1,"126,192,069"
Lady Gaga,"114,071,832","-35,851",2,"124,637,761"
Billie Eilish,"100,438,598","3,200",1,"108,297,865"
Coldplay,"92,937,627","135,031",4,"96,459,910"
Kendrick Lamar,"92,324,826","-246,791",4,"112,091,210"
Rihanna,"89,116,884","208,729",2,"91,529,958"
Ed Sheeran,"86,414,338","396,145",2,"94,810,774"
Ariana Grande,"83,123,841","-161,847",2,"123,700,287"
Taylor Swift,"82,449,421","-13,270",1,"116,229,071"
Bad Bunny,"81,773,532","-126,673",3,"95,350,887"
SZA,"81,719,264","-144,189",6,"97,852,020"
Drake,"80,002,388","74,271",3,"86,591,246"
Justin Bieber,"79,836,479","146,188",3,"104,411,890"
David Guetta,"75,190,718","147,919",4,"80,447,076"
Dua Lipa,"69,017,399","-24,577",3,"78,673,675"
Eminem,"68,644,768","-21,773",5,"86,389,533"
Post Malone,"68,597,989","190,376",3,"98,466,468"
Calvin Harris,"67,607,135","104,539",13,"73,882,008"
Sabrina Carpenter,"66,573,597","-21,061",4,"90,844,193"
Sia,"65,863,333","43,846",8,"93,545,630"
Maroon 5,"65,615,696","143,192",21,"65,980,957"
Travis Scott,"65,061,928","-48,388",6,"75,557,671"
Shakira,"64,664,819","-1,609",3,"82,268,835"
J Balvin,"64,588,426","25,014",22,"65,323,505"
Katy Perry,"62,821,552","262,300",23,"65,618,321"
Pitbull,"62,677,852","13,684",26,"62,885,080"
Lana Del Rey,"62,455,403","139,425",22,"64,952,989"
Kanye West,"62,377,047","-25,324",6,"78,581,428"
Miley Cyrus,"58,978,921","76,670",2,"84,140,935"
Future,"56,976,283","-102,439",22,"65,628,348"
Adele,"56,723,095","64,831",23,"62,764,213"
Beyoncé,"56,708,085","37,721",6,"78,122,541"
Chris Brown,"56,154,303","-13,049",25,"56,268,608"
Imagine Dragons,"55,688,861","113,305",18,"62,801,774"
Arctic Monkeys,"54,877,403","130,562",36,"56,618,863"
Selena Gomez,"54,874,936","-185,602",22,"58,879,269"
Playboi Carti,"54,767,700","-204,721",27,"62,424,456"
Doja Cat,"53,993,634","-82,586",5,"76,357,864"
Benson Boone,"52,764,373","120,324",31,"60,310,612"
Daddy Yankee,"52,679,410","88,487",22,"58,098,739"
OneRepublic,"52,443,684","197,813",23,"64,167,172"
Marshmello,"51,460,729","26,665",11,"68,947,085"
Teddy Swims,"50,698,242","-13,164",44,"51,616,484"
Gracie Abrams,"50,352,819","17,327",43,"51,497,815"
Sam Smith,"50,014,253","66,945",7,"73,972,799"
KAROL G,"49,735,108","23,772",21,"63,139,763"
JENNIE,"49,689,386","20,742",42,"51,284,235"
Tate McRae,"49,438,896","-12,204",26,"59,945,963"
Queen,"49,341,548","108,458",29,"64,087,998"
Doechii,"49,196,920","-281,024",29,"60,581,257"
Rauw Alejandro,"49,039,029","-5,767",34,"55,799,543"
Khalid,"48,945,689","-11,084",28,"55,253,946"
Linkin Park,"48,523,267","-6,060",29,"60,369,972"
Hozier,"48,342,606","-13,278",32,"57,616,097"
Halsey,"48,283,909","14,355",48,"48,442,254"
The Chainsmokers,"48,113,673","85,620",47,"50,559,085"
ROSÉ,"47,767,416","-307,412",17,"71,124,800"
Elton John,"47,682,743","-28,444",16,"72,669,137"
Olivia Rodrigo,"47,135,360","-47,727",18,"64,128,148"
Lil Wayne,"47,057,185","38,291",43,"52,904,090"
Michael Jackson,"46,801,356","22,187",35,"55,663,612"
Arijit Singh,"46,184,445","32,719",57,"46,184,445"
Nicki Minaj,"45,953,162","77,864",18,"65,680,733"
Black Eyed Peas,"45,919,977","110,041",57,"45,919,977"
Harry Styles,"45,916,689","5,059",13,"66,411,599"
Camila Cabello,"45,162,048","100,441",57,"48,063,760"
Chappell Roan,"44,551,424","-49,351",59,"47,103,266"
Metro Boomin,"44,258,909","-139,947",17,"64,728,517"
One Direction,"44,193,317","98,957",26,"61,154,815"
21 Savage,"43,924,522","-75,402",17,"66,771,445"
"Tyler, The Creator","43,924,377","8,505",43,"52,930,766"
Shawn Mendes,"43,409,123","157,420",45,"49,285,295"
Peso Pluma,"43,402,192","14,333",27,"59,429,724"
Maluma,"43,363,247","41,472",56,"47,177,187"
Shreya Ghoshal,"42,942,839","93,023",72,"42,942,839"
USHER,"42,845,297","87,501",47,"51,216,038"
Justin Timberlake,"42,816,762","-29,426",57,"46,918,730"
Sean Paul,"42,794,988","249,471",66,"42,794,988"
Ellie Goulding,"42,718,994","48,624",51,"45,626,754"
Ozuna,"42,395,760","-18,111",40,"51,532,028"
Pritam,"42,020,314","57,567",75,"42,020,314"
Ne-Yo,"41,618,288","-3,685",79,"41,994,140"
Ty Dolla $ign,"41,401,007","-251,459",40,"52,532,512"
Wiz Khalifa,"40,900,521","93,625",85,"40,900,521"
Britney Spears,"40,626,831","91,484",48,"54,776,119"
The Neighbourhood,"40,565,189","14,626",62,"45,186,994"
Lola Young,"40,346,928","8,204",63,"45,503,184"
Kesha,"39,654,916","-37,838",58,"51,088,856"
Don Omar,"39,044,999","56,963",89,"39,044,999"
Alex Warren,"38,973,708","125,072",91,"38,973,708"
Myke Towers,"38,745,093","-34,764",48,"47,235,005"
Avicii,"38,732,446","104,223",68,"43,468,577"
Tiësto,"38,340,442","81,660",38,"53,621,311"
Madonna,"38,229,952","-21,214",50,"48,192,778"
A.R. Rahman,"37,968,679","-5,932",87,"38,979,250"
Feid,"37,950,446","-6,293",53,"46,407,503"
P!nk,"37,597,867","72,517",68,"37,814,655"
Morgan Wallen,"37,572,834","79,446",59,"46,385,773"
50 Cent,"37,554,092","63,608",79,"40,126,544"
PARTYNEXTDOOR,"37,470,350","83,093",91,"38,820,076"
A$AP Rocky,"37,344,023","-28,319",91,"38,053,171"
DJ Snake,"37,305,127","150,884",94,"37,610,999"
Fleetwood Mac,"37,281,763","103,435",97,"37,281,763"
Kali Uchis,"36,934,513","7,529",49,"48,511,206"
The Marías,"36,655,312","-14,118",106,"36,682,095"
Red Hot Chili Peppers,"36,283,724","32,095",81,"39,602,017"
Frank Ocean,"36,244,817","75,054",96,"37,385,637"
Cris Mj,"36,155,573","113,428",52,"49,896,640"
Flo Rida,"35,675,066","-79,756",97,"37,069,903"
Anitta,"35,580,885","-26,133",99,"45,678,504"
benny blanco,"35,559,808","-156,762",99,"37,348,214"
James Arthur,"35,395,625","137,039",69,"40,276,141"
J. Cole,"35,148,486","-30,580",45,"48,760,887"
The Kid LAROI,"35,112,135","-46,125",50,"46,982,806"
Pharrell Williams,"35,034,649","108,956",90,"37,520,208"
Swae Lee,"34,961,419","65,556",51,"47,431,521"
Farruko,"34,791,985","40,548",64,"39,498,431"
AC/DC,"34,561,565","164,130",77,"40,609,655"
Twenty One Pilots,"34,384,794","243,289",118,"34,384,794"
Don Toliver,"34,207,036","16,828",85,"38,943,885"
JAY-Z,"34,086,274","65,733",66,"38,587,931"
The Police,"33,979,213","106,120",120,"34,009,217"
Green Day,"33,912,711","93,218",96,"36,657,007"
Romeo Santos,"33,845,804","26,092",97,"37,325,349"
Nirvana,"33,825,420","63,742",122,"33,825,420"
Manuel Turizo,"33,769,586","-25,612",66,"39,587,171"
Ovy On The Drums,"33,593,231","151,531",128,"33,593,231"
Bebe Rexha,"33,553,197","-116,765",37,"49,496,274"
XXXTENTACION,"33,515,259","21,370",67,"42,898,057"
Nicky Jam,"33,361,431","63,487",128,"33,361,431"
Grupo Frontera,"33,215,684","-71,053",64,"39,234,817"
The Beatles,"33,128,259","52,008",78,"37,399,629"
Charlie Puth,"33,069,100","139,685",58,"42,603,508"
Empire Of The Sun,"32,969,176","108,928",135,"32,969,176"
Anne-Marie,"32,964,682","152,480",61,"41,501,481"
Fuerza Regida,"32,841,996","11,132",105,"35,789,194"
Disney,"32,800,857","-35,088",124,"33,285,716"
Charli xcx,"32,794,591","175,460",56,"46,491,335"
Gunna,"32,789,507","12,260",65,"43,236,433"
Diplo,"32,632,948","98,085",95,"34,712,763"
Beéle,"32,428,715","159,300",142,"32,428,715"
Anuel AA,"32,422,172","-9,243",83,"35,286,500"
Alicia Keys,"32,419,292","46,738",101,"36,467,650"
Radiohead,"32,364,220","54,689",135,"32,364,220"
Akon,"32,255,363","58,213",128,"32,792,945"
Neton Vega,"32,160,805","53,813",147,"32,160,805"
Billy Joel,"32,128,030","139,777",132,"32,898,654"
ABBA,"32,109,168","103,696",105,"35,949,380"
Daniel Caesar,"32,066,534","42,629",69,"44,105,561"
Guns N' Roses,"31,842,207","36,062",132,"31,934,056"
d4vd,"31,838,470","145,241",94,"31,838,470"
Kygo,"31,834,060","-57,774",95,"37,407,823"
Macklemore,"31,799,930","7,017",99,"36,292,075"
Lil Baby,"31,730,854","16,237",76,"41,194,598"
Gigi Perez,"31,712,852","79,202",156,"31,712,852"
Sachin-Jigar,"31,701,715","36,996",125,"33,519,556"
Enrique Iglesias,"31,313,017","120,548",151,"31,313,017"
RAYE,"31,020,430","-45,137",70,"39,867,399"
Jason Derulo,"30,823,854","36,341",77,"39,368,590"
Tom Odell,"30,778,367","81,068",87,"38,447,142"
Christina Aguilera,"30,549,694","9,404",143,"34,034,008"
Gorillaz,"30,431,631","-102,798",54,"41,977,704"
Bon Jovi,"30,344,644","48,720",143,"30,883,021"
The Goo Goo Dolls,"30,205,236","12,776",161,"30,205,236"
Snoop Dogg,"29,900,459","50,313",109,"34,236,028"
Vishal-Shekhar,"29,896,403","47,481",160,"29,907,143"
Mark Ronson,"29,809,887","-48,424",131,"32,768,567"
Ava Max,"29,767,494","43,481",85,"42,954,408"
Juice WRLD,"29,692,023","-5,217",92,"39,483,073"
FloyyMenor,"29,494,382","108,472",66,"42,961,167"
Nelly Furtado,"29,108,798","100,215",159,"29,108,798"
Mariah Carey,"29,052,215","148,823",5,"100,610,625"
Jack Harlow,"29,039,735","-99,888",29,"59,210,566"
Miguel,"29,031,234","-11,790",80,"34,144,669"
Jennifer Lopez,"28,902,465","70,997",176,"28,902,465"
Amitabh Bhattacharya,"28,883,804","16,422",149,"30,111,225"
Lord Huron,"28,868,074","73,132",146,"31,623,501"
Florence + The Machine,"28,833,823","54,488",108,"35,434,529"
Whitney Houston,"28,804,394","36,421",135,"35,060,772"
JHAYCO,"28,627,171","-8,085",88,"34,794,173"
Childish Gambino,"28,362,596","-18,460",151,"30,712,179"
Young Thug,"28,355,468","73,575",97,"33,656,406"
Major Lazer,"28,286,356","81,282",132,"31,365,666"
Udit Narayan,"28,205,757","30,728",179,"28,205,757"
Paramore,"28,101,020","68,497",185,"28,101,020"
Tame Impala,"28,096,206","25,944",162,"28,367,463"
Cigarettes After Sex,"27,842,185","42,406",142,"31,412,056"
Cardi B,"27,760,345","27,626",84,"36,282,159"
Lil Tecca,"27,746,600","-56,361",176,"28,632,558"
Lily-Rose Depp,"27,696,316","11,066",117,"32,569,522"
Metallica,"27,505,353","33,019",144,"27,705,582"
Bizarrap,"27,457,849","12,520",28,"54,300,662"
Tanishk Bagchi,"27,454,883","97,446",165,"29,015,967"
KK,"27,405,893","75,348",195,"27,405,893"
Robin Schulz,"27,386,286","29,711",76,"34,908,935"
The Script,"27,269,890","154,038",197,"27,269,890"
Carin Leon,"27,205,415","-28,781",125,"32,386,759"
Creedence Clearwater Revival,"27,010,799","37,262",92,"38,637,577"
Noah Kahan,"26,882,730","-4,392",86,"37,900,933"
Alan Walker,"26,781,631","77,781",100,"33,218,914"
Lewis Capaldi,"26,651,525","23,184",66,"37,776,153"
Demi Lovato,"26,618,795","20,169",98,"33,320,815"
Mac Miller,"26,554,378","-4,491",173,"28,673,744"
G-Eazy,"26,520,110","-42,749",197,"26,847,604"
Clean Bandit,"26,437,666","93,133",167,"29,350,485"
The Rolling Stones,"26,379,292","60,323",138,"29,911,374"
Bob Marley & The Wailers,"26,341,146","77,059",170,"28,137,637"
GIVĒON,"26,254,855","-44,959",145,"30,904,678"
Lorde,"26,197,605","664,225",210,"26,197,605"
Tyla,"26,166,753","275,150",112,"34,775,358"
Kodak Black,"26,093,198","-5,556",99,"33,708,388"
The Killers,"26,088,280","10,439",178,"28,483,994"
Shaboozey,"25,902,857","179,071",110,"35,811,664"
DaBaby,"25,837,500","27,656",103,"32,070,946"
ZAYN,"25,750,568","-21,753",160,"28,851,598"
Lil Uzi Vert,"25,731,604","-113,901",67,"39,580,515"
BTS,"25,710,125","59,959",63,"40,741,916"
Lost Frequencies,"25,688,642","21,902",105,"36,503,461"
Megan Thee Stallion,"25,687,165","59,430",108,"35,834,865"
Junior H,"25,667,376","11,724",141,"28,903,235"
Irshad Kamil,"25,558,886","36,919",217,"25,558,886"
The Cranberries,"25,517,379","50,522",190,"27,044,375"
Atif Aslam,"25,320,173","35,447",216,"25,541,636"
AFROJACK,"25,293,989","-29,668",210,"25,828,416"
Zach Bryan,"25,230,511","-20,607",119,"34,463,168"
Central Cee,"25,218,670","-38,840",78,"40,321,501"
2Pac,"25,193,434","-9,165",187,"27,274,115"
Shilpa Rao,"24,995,751","-9,434",158,"28,394,666"
French Montana,"24,972,779","36,964",220,"25,515,389"
Danny Ocean,"24,909,057","38,216",187,"27,776,733"
Bee Gees,"24,885,061","65,662",158,"28,740,653"
Luke Combs,"24,853,181","-9,724",114,"34,881,535"
Shankar Mahadevan,"24,818,409","14,006",230,"24,818,409"
TOTO,"24,736,895","-58,042",147,"31,472,214"
Omar Courtz,"24,730,223","-42,725",143,"31,088,939"
Outkast,"24,722,838","7,559",203,"26,630,672"
Quevedo,"24,610,870","63,688",71,"38,182,790"
Phil Collins,"24,547,331","-26,857",228,"24,763,956"
Steve Lacy,"24,533,643","19,324",111,"31,029,345"
Chencho Corleone,"24,424,290","31,227",106,"31,161,386"
Arcángel,"24,333,119","-18,145",112,"29,918,189"
Journey,"24,289,238","22,470",201,"26,816,449"
Train,"24,275,768","109,961",171,"29,211,060"
Natasha Bedingfield,"24,207,026","39,603",165,"28,725,197"
beabadoobee,"24,184,454","117,441",198,"26,896,155"
Conan Gray,"24,161,162","16,929",167,"28,549,479"
Camilo,"24,137,546","-23,349",229,"24,620,494"
Sebastian Yatra,"24,110,879","11,851",137,"28,235,688"
Fall Out Boy,"24,078,803","32,452",129,"30,377,374"
Mithoon,"24,044,600","55,708",251,"24,044,600"
Pink Floyd,"23,993,521","11,252",232,"24,444,246"
Kid Cudi,"23,981,532","72,602",149,"29,550,228"
Zara Larsson,"23,931,147","104,818",162,"29,026,526"
Becky G,"23,922,147","-22,649",78,"36,514,621"
Bryan Adams,"23,913,702","117,538",231,"26,007,882"
Tito Double P,"23,845,775","-5,179",219,"25,021,549"
Himesh Reshammiya,"23,646,986","2,280",209,"25,666,667"
Troye Sivan,"23,632,338","2,589",107,"32,443,596"
Backstreet Boys,"23,576,963","110,110",205,"26,680,229"
Oscar Maydon,"23,559,403","13,918",174,"28,881,483"
Avril Lavigne,"23,530,321","3,742",214,"25,975,556"
Aerosmith,"23,514,557","46,985",201,"24,283,338"
Daft Punk,"23,500,187","32,394",225,"23,500,187"
Sunidhi Chauhan,"23,496,856","24,806",262,"23,496,856"
Dr. Dre,"23,465,827","53,809",194,"27,880,888"
Oasis,"23,405,049","20,789",130,"32,783,280"
"Earth, Wind & Fire","23,317,540","89,640",198,"26,595,110"
Alemán,"23,303,236","78,935",269,"23,303,236"
Trippie Redd,"23,248,647","-40,033",137,"31,720,053"
Vance Joy,"23,228,110","45,410",117,"32,405,324"
Mohit Chauhan,"23,172,353","10,123",267,"23,184,249"
Ryan Castro,"23,151,445","-71,470",171,"29,371,208"
Meghan Trainor,"23,129,894","26,619",69,"41,619,008"
Nickelback,"23,118,327","10,900",263,"23,366,875"
Myles Smith,"22,973,893","156,532",170,"28,960,193"
Tory Lanez,"22,968,796","-4,616",180,"26,498,835"
Sachet-Parampara,"22,951,986","24,190",277,"22,951,986"
Shankar-Ehsaan-Loy,"22,929,302","28,615",270,"23,088,031"
Alka Yagnik,"22,856,279","30,787",280,"22,856,279"
System Of A Down,"22,837,030","19,667",249,"24,010,200"
sombr,"22,794,396","288,681",282,"22,794,396"
Swedish House Mafia,"22,779,729","41,701",187,"26,245,665"
Chris Stapleton,"22,772,398","30,573",197,"26,834,473"
Sexyy Red,"22,767,749","-68,700",105,"36,995,746"
Rema,"22,739,334","59,149",60,"40,010,586"
Dei V,"22,737,988","-95,662",155,"29,780,833"
HUGEL,"22,730,035","50,857",288,"22,730,035"
Blessd,"22,701,939","-4,433",207,"26,439,074"
John Legend,"22,657,719","-41,879",107,"36,598,430"
Djo,"22,656,500","165,152",63,"44,239,817"
Disclosure,"22,630,431","69,835",253,"24,194,511"
Tainy,"22,570,689","44,224",91,"35,233,699"
TINI,"22,565,923","-3,295",290,"26,064,686"
Natanael Cano,"22,478,809","-84,020",159,"28,962,500"
Jess Glynne,"22,415,229","-178,740",222,"24,974,440"
Mitski,"22,343,630","46,037",71,"39,387,536"
Luis Fonsi,"22,328,711","48,961",214,"23,290,182"
Dominic Fike,"22,264,790","10,401",193,"26,663,756"
Young Miko,"22,255,012","80,767",105,"33,633,855"
WizTheMc,"22,165,556","366,183",301,"22,165,556"
Tyga,"22,146,764","-16,585",176,"25,118,039"
The Notorious B.I.G.,"22,135,971","-94,142",202,"25,886,768"
Arcane,"22,126,919","33,484",132,"33,507,367"
Eagles,"22,103,261","48,503",104,"38,461,042"
Parampara Tandon,"22,050,213","44,054",305,"22,050,213"
Alok,"21,994,705","40,464",123,"33,578,843"
Burna Boy,"21,953,470","75,272",244,"24,057,543"
Daryl Hall & John Oates,"21,928,606","3,534",133,"34,415,282"
bees & honey,"21,874,906","368,010",310,"21,874,906"
TV Girl,"21,849,617","26,852",255,"23,816,777"
Tears For Fears,"21,841,677","22,314",238,"24,307,146"
Martin Garrix,"21,833,680","-43,354",175,"23,962,214"
Nelly,"21,803,496","96,818",314,"21,803,496"
Kausar Munir,"21,771,072","10,024",311,"21,771,072"
Aventura,"21,705,513","10,403",282,"22,309,248"
Imogen Heap,"21,646,490","31,469",312,"21,646,490"
W Sound,"21,612,508","198,615",318,"21,612,508"
Dire Straits,"21,599,313","27,219",308,"21,599,313"
Panic! At The Disco,"21,562,583","36,293",165,"27,310,489"
Plan B,"21,549,176","57,365",301,"24,657,446"
ROSALÍA,"21,546,348","-45,713",47,"46,715,627"
El Alfa,"21,532,999","7,949",223,"23,914,135"
Anirudh Ravichander,"21,424,478","-15,828",114,"31,302,762"
Skrillex,"21,421,118","21,854",175,"23,635,431"
Ray Dalton,"21,333,967","27,909",277,"22,437,225"
Labrinth,"21,295,701","33,568",67,"36,829,106"
Felix Jaehn,"21,232,537","31,795",194,"24,535,929"
Chase Atlantic,"21,131,693","-28,444",263,"23,118,141"
Sonu Nigam,"21,115,430","-4,734",281,"22,741,063"
T-Pain,"21,098,500","-16,243",324,"21,218,974"
Javed Ali,"21,092,708","-2,448",295,"22,107,274"
The Lumineers,"21,024,343","46,947",165,"28,855,344"
Bastille,"21,021,696","17,412",183,"26,610,747"
DJ Khaled,"20,950,423","2,206",124,"29,389,696"
Vishal Mishra,"20,935,345","-5,676",227,"24,121,173"
Sech,"20,914,574","16,196",174,"23,591,625"
Wisin & Yandel,"20,883,655","3,634",173,"23,350,285"
Alphaville,"20,855,845","90,899",271,"22,723,241"
Bryson Tiller,"20,827,648","15,280",169,"28,259,185"
Yandel,"20,826,638","-5,259",126,"27,875,326"
Timbaland,"20,819,402","62,189",256,"21,725,657"
Måneskin,"20,786,724","33,121",134,"26,818,201"
Summer Walker,"20,762,706","31,618",167,"28,542,051"
Kings of Leon,"20,754,467","-1,688",241,"24,493,486"
Gabito Ballesteros,"20,722,824","-36,837",237,"24,111,439"
Chinmayi,"20,669,748","66,778",347,"20,669,748"
GloRilla,"20,655,261","-31,114",166,"28,822,517"
Evanescence,"20,651,729","38,474",349,"20,651,729"
yung kai,"20,619,901","46,441",324,"20,931,396"
Manoj Muntashir,"20,587,666","30,392",349,"20,587,666"
Keane,"20,573,989","120,154",314,"21,284,559"
Lil Durk,"20,561,656","-120,938",92,"34,773,282"
Macklemore & Ryan Lewis,"20,555,202","1,404",190,"25,456,801"
Jessie J,"20,492,181","53,918",304,"23,379,270"
Glass Animals,"20,407,333","79,643",132,"28,077,809"
CYRIL,"20,355,862","15,432",227,"25,127,423"
BigXthaPlug,"20,348,621","109,783",358,"20,348,621"
League of Legends,"20,330,876","37,080",226,"26,494,221"
Big Sean,"20,306,629","28,596",166,"29,499,746"
Calum Scott,"20,290,099","-13,546",131,"28,676,261"
Sachet Tandon,"20,280,987","39,979",361,"20,280,987"
Elvis Presley,"20,196,628","-3,553",57,"52,355,319"
Yo Yo Honey Singh,"20,174,617","-8,672",288,"22,069,295"
Bruce Springsteen,"20,159,970","-6,452",107,"38,727,164"
Lil Nas X,"20,145,609","29,256",61,"37,597,256"
Diljit Dosanjh,"20,118,025","-27,344",247,"23,839,106"
U2,"20,113,983","-22,678",233,"23,044,157"
NIKI,"20,095,282","272,517",369,"20,095,282"
DFZM,"20,079,074","146,268",370,"20,079,074"
5 Seconds of Summer,"19,977,817","6,562",205,"25,934,585"
The Offspring,"19,977,761","23,801",309,"21,326,758"
Led Zeppelin,"19,964,591","21,863",294,"20,489,383"
Nicki Nicole,"19,961,905","-58,883",173,"27,818,511"
Gabry Ponte,"19,916,434","-7,509",351,"20,100,905"
Luis R Conriquez,"19,912,960","-59,674",284,"22,621,146"
Amy Winehouse,"19,830,502","42,189",279,"22,846,644"
Amit Trivedi,"19,611,297","7,553",363,"19,965,129"
Mac DeMarco,"19,610,621","49,986",318,"20,710,634"
Brent Faiyaz,"19,588,603","-12,500",192,"25,902,758"
Badshah,"19,587,965","6,086",273,"23,042,104"
JID,"19,550,426","14,972",100,"34,163,239"
Eladio Carrion,"19,502,983","74,719",156,"26,738,598"
Topic,"19,481,075","53,658",343,"19,481,075"
Disturbed,"19,472,847","-16,137",286,"22,402,786"
Gwen Stefani,"19,430,440","86,340",131,"35,714,924"
Stevie Wonder,"19,426,441","26,851",114,"34,912,997"
Shaggy,"19,394,388","73,730",328,"19,394,388"
Marc Anthony,"19,346,759","55,906",389,"19,346,759"
Vishal Dadlani,"19,329,555","-11,008",307,"19,432,607"
Daya,"19,270,796","23,105",340,"20,492,260"
R.E.M.,"19,182,349","-23,173",332,"19,427,504"
Kapo,"19,181,364","-90,724",271,"22,915,853"
Lauv,"19,168,253","55,954",257,"22,804,645"
Anderson .Paak,"19,167,920","-18,580",197,"23,668,985"
Foo Fighters,"19,165,577","14,467",231,"23,378,244"
Jonas Brothers,"19,081,051","-64,891",119,"34,608,604"
Tommy Richman,"19,079,866","18,089",47,"50,755,802"
Mc Gw,"19,074,792","-19,769",238,"24,214,206"
Jombriel,"19,015,265","96,885",400,"19,015,265"
Marvin Gaye,"18,977,530","18,789",243,"22,903,088"
Tulsi Kumar,"18,882,678","40,923",346,"20,616,552"
Christian Nodal,"18,880,112","7,847",220,"24,683,573"
Stromae,"18,854,520","70,561",249,"25,659,827"
Kelly Clarkson,"18,827,808","-6,640",29,"64,847,712"
Reik,"18,803,078","42,978",253,"22,018,792"
MGMT,"18,798,640","56,222",407,"18,798,640"
Ayra Starr,"18,742,735","76,230",134,"32,190,133"
NLE Choppa,"18,730,733","-37,651",181,"24,991,591"
Gesaffelstein,"18,725,526","24,858",273,"18,995,025"
Rels B,"18,706,499","-3,565",239,"24,237,621"
LISA,"18,695,820","-16,790",191,"26,847,435"
Jelly Roll,"18,690,225","182,979",273,"23,529,805"
Artemas,"18,664,864","5,412",43,"53,546,898"
Dido,"18,654,777","21,718",307,"21,688,560"
Limp Bizkit,"18,615,396","64,598",416,"18,615,396"
Alesso,"18,609,127","36,574",259,"21,319,973"
Ruth B.,"18,588,039","54,586",224,"23,065,545"
Cyndi Lauper,"18,563,881","45,297",214,"25,807,659"
Amaal Mallik,"18,536,922","36,587",390,"19,443,427"
Jubin Nautiyal,"18,492,756","36,818",241,"22,249,499"
blink-182,"18,486,920","27,801",268,"22,103,116"
Dean Lewis,"18,483,647","21,993",266,"19,801,720"
Joji,"18,367,185","33,105",116,"29,284,554"
Zion & Lennox,"18,362,481","28,655",230,"22,169,487"
Gotye,"18,341,230","24,766",367,"18,956,932"
Clairo,"18,330,507","73,160",337,"20,395,711"
Juanes,"18,316,018","-5,337",332,"19,298,882"
Foster The People,"18,288,294","14,792",313,"22,182,297"
Jason Mraz,"18,259,836","126,921",282,"21,336,382"
FISHER,"18,156,998",85,382,"19,632,720"
Céline Dion,"18,126,321","31,883",105,"38,976,847"
Alessia Cara,"18,059,428","65,554",227,"25,204,710"
Bon Iver,"18,057,756","17,158",287,"21,981,333"
De La Ghetto,"18,053,663","-31,400",238,"21,703,557"
a-ha,"18,053,512","-97,547",180,"28,104,014"
George Michael,"18,052,161","-32,641",139,"31,867,957"
Migos,"18,000,787","48,682",296,"20,299,307"
Carly Rae Jepsen,"17,978,561","53,669",317,"18,869,973"
Neeti Mohan,"17,972,112","-13,059",389,"18,895,948"
Jøtta,"17,955,645","106,657",441,"17,955,645"
Bill Withers,"17,879,993","76,717",219,"25,445,001"
The Fray,"17,807,922","-23,283",416,"18,102,695"
Kumaar,"17,802,673","73,493",316,"17,802,673"
Duki,"17,798,680","-28,690",162,"26,492,455"
Stephen Sanchez,"17,786,019","107,339",82,"34,322,910"
Los Ángeles Azules,"17,752,332","51,473",374,"19,765,045"
GIMS,"17,726,649","57,048",445,"17,726,649"
Xavi,"17,696,502","54,850",129,"31,501,727"
Rahat Fateh Ali Khan,"17,682,671","29,815",409,"18,354,980"
Jaani,"17,653,110","32,482",319,"21,270,757"
Sean Kingston,"17,608,203","88,516",381,"18,574,495"
Sade,"17,589,107","21,083",420,"17,856,977"
Pop Smoke,"17,550,175","-5,367",162,"25,280,553"
Mc Livinho,"17,533,461","98,519",455,"17,533,461"
Maria Becerra,"17,487,761","-46,502",159,"26,919,900"
Alejandro Sanz,"17,465,922","82,895",432,"17,465,922"
Yorghaki,"17,325,109","-31,955",451,"17,389,163"
Anu Malik,"17,309,471","31,300",435,"17,680,303"
De La Rose,"17,301,327","14,037",385,"19,272,035"
Maná,"17,296,146","9,631",334,"19,468,590"
Alleh,"17,291,891","-31,821",454,"17,351,355"
Christina Perri,"17,284,537","44,840",424,"17,478,522"
Baby Keem,"17,283,284","-5,165",237,"23,094,570"
The Smiths,"17,262,388","62,655",432,"17,960,171"
Coolio,"17,243,944","25,396",367,"19,724,313"
Lil Yachty,"17,192,914","-57,394",315,"20,524,026"
Bob Sinclar,"17,171,853","5,035",436,"17,742,161"
Lynyrd Skynyrd,"17,166,848","58,081",389,"17,985,151"
Rochak Kohli,"17,163,116","83,499",470,"18,078,217"
Jeremih,"17,162,354","32,506",443,"17,162,354"
PinkPantheress,"17,154,548","120,594",60,"39,844,680"
Kimbra,"17,149,798","21,783",419,"17,862,679"
Fetty Wap,"17,144,761","-73,822",375,"18,956,221"
Jonas Blue,"17,142,726","52,000",226,"22,821,691"
Annie Lennox,"17,123,630","43,740",301,"22,105,566"
Elley Duhé,"17,108,869","49,563",150,"25,586,962"
The Cure,"17,106,013","68,201",354,"19,787,965"
Zedd,"17,064,611","50,299",317,"17,064,611"
Lil Peep,"17,007,727",-199,337,"21,168,577"
Kunaal Vermaa,"16,805,382","27,482",419,"18,269,527"
De La Soul,"16,799,906","-134,977",434,"18,022,535"
Asees Kaur,"16,786,613","9,914",420,"17,605,775"
JVKE,"16,757,153","53,690",110,"31,684,143"
Roxette,"16,756,227","62,503",485,"16,756,227"
The 1975,"16,736,794","57,795",341,"16,736,794"
Muse,"16,723,969","19,748",477,"16,723,969"
Sajid-Wajid,"16,719,133","56,493",488,"16,719,133"
Ice Cube,"16,696,352","44,419",325,"18,290,286"
Adam Port,"16,674,599","66,703",241,"24,739,687"
Emilia,"16,672,286","-110,203",337,"19,179,139"
Bryant Myers,"16,662,679","-5,007",341,"18,758,660"
Grupo Firme,"16,661,336","32,289",257,"22,421,731"
PNAU,"16,631,250","-6,224",220,"22,323,897"
Lenny Tavárez,"16,629,051","25,233",278,"22,544,589"
Polo G,"16,619,608","24,944",170,"24,908,452"
Rvssian,"16,618,889","11,525",180,"27,438,055"
Kacey Musgraves,"16,603,433","14,222",182,"27,365,334"
Nile Rodgers,"16,583,222","48,830",209,"25,999,504"
Julia Michaels,"16,512,934","-18,795",309,"20,387,752"
Prince Royce,"16,457,807","16,858",339,"18,754,885"
My Chemical Romance,"16,449,044","22,655",389,"19,625,163"
Grupo Marca Registrada,"16,426,694","2,512",264,"22,007,861"
MC Tuto,"16,415,858","24,050",400,"18,873,532"
Carlos Vives,"16,415,416","-12,422",375,"18,576,958"
Jasleen Royal,"16,414,723","61,999",298,"19,937,199"
Roddy Ricch,"16,414,005","-17,311",205,"23,016,594"
Madhubanti Bagchi,"16,401,720","-24,854",418,"18,065,371"
Tems,"16,401,081","18,317",351,"20,045,383"
Jung Kook,"16,305,301","50,703",61,"40,791,781"
Alejandro Fernández,"16,286,055","-14,719",404,"16,927,210"
Banda MS de Sergio Lizárraga,"16,253,711","75,174",393,"18,371,806"
Mike Posner,"16,225,458","48,510",400,"17,945,456"
Frank Sinatra,"16,213,542","9,663",33,"61,802,582"
Kehlani,"16,177,384","-41,214",413,"17,718,711"
Offset,"16,110,580","-71,224",183,"25,315,155"
Anuv Jain,"16,090,532","28,699",504,"16,104,807"
Lin-Manuel Miranda,"16,089,528","-27,652",461,"16,968,839"
Henrique & Juliano,"16,085,473","10,909",461,"18,043,242"
George Ezra,"16,060,889","1,609",291,"20,125,754"
Cage The Elephant,"16,038,516","34,956",401,"18,343,382"
Armaan Malik,"16,018,628","22,596",381,"16,761,065"
Armin van Buuren,"15,999,158","5,964",440,"16,690,011"
Julión Álvarez y su Norteño Banda,"15,988,314","78,663",397,"18,790,693"
Chino Pacas,"15,969,295","-33,382",267,"21,601,531"
Devi Sri Prasad,"15,962,085","-23,384",350,"20,167,765"
Karan Aujla,"15,943,411","-11,422",349,"19,861,429"
Piso 21,"15,907,853","44,673",303,"20,327,383"
Dimitri Vegas & Like Mike,"15,888,278","24,732",357,"19,897,730"
The Walters,"15,852,173","132,156",371,"19,385,847"
Leon Thomas,"15,849,855","97,728",531,"15,849,855"
David Bowie,"15,834,978","4,122",317,"20,160,489"
B.o.B,"15,827,098","96,928",312,"21,112,481"
BLACKPINK,"15,798,136","27,745",173,"25,116,235"
Neha Kakkar,"15,759,291","30,455",397,"18,678,926"
Mora,"15,730,949","-14,632",151,"27,760,085"
Gym Class Heroes,"15,728,456","122,894",441,"16,413,777"
Luis Miguel,"15,681,228","15,897",309,"21,870,866"
Rex Orange County,"15,672,805","95,430",336,"16,337,237"
NATTI NATASHA,"15,670,327","7,602",331,"17,498,549"
Lukas Graham,"15,651,288","70,164",407,"18,243,782"
YoungBoy Never Broke Again,"15,649,084","-49,189",288,"19,051,130"
Jay Wheeler,"15,635,298","-85,504",300,"19,956,526"
Dolly Parton,"15,616,006","-28,857",245,"26,134,547"
Keinemusik,"15,586,172","58,726",233,"25,010,459"
Hariharan,"15,584,771","10,026",538,"15,598,154"
Morat,"15,569,557","-32,165",344,"16,643,863"
Thomas Rhett,"15,542,839","35,436",548,"15,542,839"
Tiago PZK,"15,524,303","-58,598",244,"22,623,731"
KISS,"15,506,595","39,780",475,"15,517,864"
John Mayer,"15,492,604","-18,045",327,"19,806,976"
Jonita Gandhi,"15,462,165","-16,397",337,"18,322,100"
Lata Mangeshkar,"15,453,173","16,498",523,"15,866,827"
Trueno,"15,421,335","6,725",178,"28,176,321"
Bob Dylan,"15,389,521","-20,418",492,"16,331,047"
Shania Twain,"15,358,851","37,759",352,"17,682,454"
Scythermane,"15,350,466","92,626",557,"15,350,466"
Weezer,"15,342,149","14,428",440,"17,152,581"
Noah Cyrus,"15,324,324","52,256",339,"20,615,213"
Latto,"15,323,870","30,566",74,"38,062,951"
Hotel Ugly,"15,323,426","81,513",256,"23,321,907"
Scorpions,"15,299,070","22,794",514,"15,299,070"
S. P. Balasubrahmanyam,"15,260,996","-5,994",556,"15,266,990"
Ricky Martin,"15,252,275","27,360",365,"15,898,287"
Laufey,"15,244,601","26,428",89,"43,026,697"
Foreigner,"15,216,889","-158,954",396,"18,328,538"
Tove Lo,"15,215,519","27,177",321,"16,726,850"
Eslabon Armado,"15,210,527","-19,766",64,"40,132,836"
Ñengo Flow,"15,182,741","-10,054",207,"22,145,574"
Lenny Kravitz,"15,168,404","10,124",556,"15,227,102"
Bailey Zimmerman,"15,163,355","127,849",571,"15,163,355"
Little Mix,"15,147,330","40,445",287,"19,963,380"
Justin Quiles,"15,126,875","23,132",223,"21,581,896"
Black Sabbath,"15,112,534","78,574",465,"16,595,839"
ATL Jacob,"15,105,582","-22,086",210,"25,072,953"
Palak Muchhal,"15,104,717","19,073",414,"17,887,750"
Kim Petras,"15,103,991","7,243",43,"46,551,289"
Steve Aoki,"15,101,302","-38,604",216,"21,606,912"
W&W;,"15,101,089","35,932",440,"17,304,881"
NOTION,"15,060,632","44,822",579,"15,060,632"
Divya Kumar,"14,988,839","66,298",405,"18,610,694"
Dave,"14,982,431","-1,893",135,"29,100,809"
Milky Chance,"14,938,269","31,402",417,"16,426,763"
ATLXS,"14,928,831","236,049",584,"14,928,831"
Benny Dayal,"14,914,257","2,206",522,"15,041,645"
Quavo,"14,913,343","17,572",188,"27,599,002"
Dimitri Vegas,"14,894,187","27,387",446,"17,182,026"
Pearl Jam,"14,894,021","67,523",488,"15,656,385"
WALK THE MOON,"14,840,137","31,419",410,"18,076,284"
AURORA,"14,803,328",246,473,"14,803,328"
Passenger,"14,778,803","36,608",422,"16,765,920"
Stryv,"14,728,019","59,322",266,"23,709,586"
Chayanne,"14,715,794","4,838",474,"17,003,813"
Boney M.,"14,712,794","46,763",268,"24,770,644"
Manan Bhardwaj,"14,692,197","28,013",247,"24,056,763"
Juan Luis Guerra 4.40,"14,680,702","41,000",567,"14,960,252"
MEDUZA,"14,675,937","7,051",222,"22,148,251"
Jatin-Lalit,"14,674,785","34,929",568,"15,018,105"
Papa Roach,"14,637,383",-558,597,"14,637,941"
Julieta Venegas,"14,616,542","32,988",376,"19,459,228"
Darell,"14,612,925","-4,023",238,"22,214,709"
Sevdaliza,"14,602,406","29,588",219,"25,431,578"
R3HAB,"14,595,777","11,273",210,"23,584,295"
LE SSERAFIM,"14,584,896","-31,583",476,"16,058,007"
Robbie Williams,"14,578,820","-11,936",392,"18,905,659"
B Praak,"14,554,723","51,968",366,"19,588,169"
Bradley Cooper,"14,539,695","32,705",457,"15,474,144"
Dave Stewart,"14,516,852","44,508",570,"14,587,408"
Varun Jain,"14,516,597","-37,431",535,"15,576,269"
Kylie Minogue,"14,514,653","-21,352",233,"24,715,118"
Cazzu,"14,508,945","-60,314",541,"15,540,655"
Becky Hill,"14,494,124","59,531",257,"20,058,164"
Salim–Sulaiman,"14,473,774","30,442",524,"15,845,747"
Chrystal,"14,468,178","46,508",614,"14,468,178"
Kane Brown,"14,461,344","-6,275",418,"18,066,809"
Three Days Grace,"14,449,345","24,079",577,"14,542,154"
Dasha,"14,447,524","13,243",221,"27,379,872"
Darshan Raval,"14,431,505","-30,527",286,"20,349,184"
Rashmi Virag,"14,407,565","12,577",608,"14,428,202"
John Newman,"14,382,189","-13,204",532,"15,591,878"
Ravyn Lenae,"14,315,906","203,098",621,"14,315,906"
A Boogie Wit da Hoodie,"14,307,823","-17,813",213,"22,882,543"
The Strokes,"14,227,355","5,294",423,"17,607,267"
Slipknot,"14,214,334","-1,488",543,"14,532,595"
MC Ryan SP,"14,197,205","-11,387",349,"19,355,147"
Eurythmics,"14,186,919","43,664",364,"19,541,941"
Jorge & Mateus,"14,168,249","12,238",539,"15,856,100"
Michael Bublé,"14,134,919","4,522",13,"73,651,203"
Santana,"14,124,585","-3,702",344,"14,140,153"
Destiny's Child,"14,116,543","-24,174",330,"22,189,099"
Van Morrison,"14,110,262","15,571",333,"21,361,390"
Fergie,"14,098,955","23,825",562,"14,098,955"
Gucci Mane,"14,092,756","34,858",401,"16,561,931"
The White Stripes,"14,048,235","26,901",290,"22,483,264"
3 Doors Down,"14,048,165","36,118",634,"14,048,165"
Ms. Lauryn Hill,"14,042,822","17,600",486,"16,319,683"
Rudimental,"14,039,737","8,827",439,"17,290,320"
La Arrolladora Banda El Limón De Rene Camacho,"13,992,287","33,889",594,"14,215,457"
Morad,"13,963,489","-42,378",478,"16,713,544"
Electric Light Orchestra,"13,960,813","1,193",522,"14,986,263"
Beach House,"13,936,735",-322,521,"14,605,177"
Arash,"13,936,311","70,560",642,"13,936,311"
Surf Curse,"13,933,462","63,065",319,"20,913,105"
AP Dhillon,"13,925,914","15,252",394,"16,784,298"
Mary J. Blige,"13,920,719","35,326",643,"13,920,719"
Roop Kumar Rathod,"13,915,418","85,694",623,"14,010,846"
Bomba Estéreo,"13,812,309","-1,576",290,"18,055,394"
Fifth Harmony,"13,798,390","64,592",648,"13,798,390"
mgk,"13,792,392","-5,514",409,"16,617,303"
Gente De Zona,"13,770,994","38,841",650,"13,770,994"
M83,"13,750,517","-8,508",592,"13,859,391"
Jeet Gannguli,"13,738,469","17,842",606,"14,340,794"
Raj Shekhar,"13,736,832","-31,327",521,"15,871,479"
Kailash Kher,"13,710,196","12,255",585,"14,686,805"
Yeat,"13,707,018","22,602",149,"28,149,740"
The Pussycat Dolls,"13,704,972","61,799",619,"13,704,972"
Ella Henderson,"13,688,165","36,873",364,"17,142,204"
Fred again..,"13,675,266","7,403",397,"18,388,836"
bbno$,"13,675,193","-52,181",574,"14,522,060"
Taio Cruz,"13,672,226","35,055",520,"14,270,300"
Mon Laferte,"13,651,940","-8,266",647,"13,785,596"
David Kushner,"13,651,258","-12,993",143,"27,928,294"
Meek Mill,"13,632,819","-44,007",393,"15,553,179"
Tracy Chapman,"13,616,848","-47,647",348,"19,175,912"
Sukhwinder Singh,"13,605,534","14,316",600,"13,919,468"
SYML,"13,575,196","-4,488",464,"14,726,953"
Lyanno,"13,574,740","1,176",416,"15,200,027"
Eric Clapton,"13,574,538","11,875",550,"13,574,538"
Shaan,"13,557,137","19,430",623,"13,981,500"
Capital Cities,"13,546,120","82,061",518,"15,735,026"
Joan Sebastian,"13,499,669","39,507",610,"14,258,543"
K. S. Chithra,"13,490,284","20,452",639,"13,490,284"
Cosculluela,"13,478,682","-10,195",589,"14,099,623"
Romy,"13,472,738","17,607",584,"14,694,431"
*NSYNC,"13,454,240","-7,773",138,"32,534,951"
Depeche Mode,"13,447,173","10,875",418,"16,717,329"
Edgardo Nuñez,"13,431,876","125,116",431,"16,906,197"
Noriel,"13,402,776","11,196",614,"14,106,226"
Yng Lvcas,"13,397,428","-4,792",101,"32,431,402"
Paulo Londra,"13,389,498",-651,401,"16,734,709"
Billy Idol,"13,386,017","37,282",628,"13,386,017"
NF,"13,385,049","12,201",275,"19,447,227"
blackbear,"13,375,774","11,845",259,"19,962,853"
Deftones,"13,339,199","-6,673",650,"13,493,811"
Shubh,"13,330,120","82,495",551,"13,540,727"
Luísa Sonza,"13,323,515","-44,805",456,"15,591,379"
Malachiii,"13,317,055","67,297",262,"23,766,421"
Camila,"13,305,750","-21,356",508,"15,900,239"
Zendaya,"13,305,336","5,854",496,"15,183,083"
MAGIC!,"13,255,798","136,079",549,"14,945,320"
Zerb,"13,253,726","-14,374",369,"18,649,657"
Pablo Alborán,"13,233,893","-50,874",519,"14,229,540"
Mark Ambor,"13,228,235","31,491",134,"35,210,214"
Wisin,"13,217,682","85,612",405,"15,614,069"
Iyaz,"13,209,266","43,133",676,"13,209,266"
Los Enanitos Verdes,"13,153,896","51,569",543,"15,265,491"
G. V. Prakash,"13,143,044","4,331",673,"13,233,083"
Kumar Sanu,"13,128,782","30,737",698,"13,128,782"
Los Tigres Del Norte,"13,126,756",194,693,"13,134,760"
Creed,"13,084,947","30,111",700,"13,084,947"
Sting,"13,075,812","28,128",551,"14,870,169"
Nate Ruess,"13,054,192","41,825",573,"14,920,728"
Mc Rodrigo do CN,"13,050,730","-20,672",646,"13,513,719"
Mumford & Sons,"12,995,393","-65,913",629,"13,399,728"
Madison Beer,"12,980,991","7,204",339,"19,836,973"
Grupo Menos É Mais,"12,975,773","-33,218",537,"15,768,800"
Jhené Aiko,"12,953,867","-77,099",557,"13,895,450"
Jessie Murph,"12,948,958","117,303",707,"12,948,958"
girl in red,"12,941,720","16,257",262,"23,016,471"
Marco Antonio Solís,"12,933,364","-9,021",643,"13,649,426"
Chezile,"12,930,077","44,489",417,"17,952,523"
Calle 24,"12,922,482","-10,834",347,"18,990,432"
Hans Zimmer,"12,906,067","-32,140",562,"14,296,237"
James Blunt,"12,899,555","35,946",553,"12,899,555"
Soulja Boy,"12,891,377","26,413",662,"12,891,377"
Jack Johnson,"12,890,132","32,212",518,"15,485,519"
Rammstein,"12,875,793","-1,675",636,"12,904,670"
Tony Dize,"12,852,653","31,062",481,"15,601,281"
Leon Bridges,"12,850,733","-17,656",597,"13,761,494"
Ankit Tiwari,"12,836,623","-4,399",529,"15,591,657"
Survivor,"12,831,138","-2,084",598,"13,878,844"
Cher,"12,827,451","-4,991",217,"25,664,744"
Brray,"12,821,375","-17,097",405,"16,966,488"
Eyedress,"12,783,102","36,692",399,"18,287,094"
¥$,"12,778,965","-17,696",106,"34,770,239"
Starship,"12,769,251","181,201",726,"12,769,251"
6LACK,"12,749,945","-5,773",321,"16,978,376"
Niall Horan,"12,749,848","-18,967",129,"27,578,996"
Orso,"12,748,844","50,116",265,"23,709,586"
Clave Especial,"12,735,826","128,029",730,"12,735,826"
Calibre 50,"12,734,334","14,152",488,"13,146,344"
Ice Spice,"12,716,704","32,087",49,"47,203,544"
Bad Gyal,"12,705,654","53,043",405,"16,628,326"
Rod Stewart,"12,702,959","-15,563",521,"15,047,871"
T.I.,"12,701,996","10,075",587,"12,802,588"
NewJeans,"12,685,019","33,119",160,"26,786,050"
Sleepy Hallow,"12,683,194","-82,568",306,"21,195,236"
Bring Me The Horizon,"12,674,452","-43,303",475,"15,125,559"
Ana Castela,"12,650,933","-6,182",324,"20,415,436"
Bonnie Tyler,"12,648,421","3,687",611,"13,559,948"
Rae Sremmurd,"12,636,337","3,025",412,"15,144,345"
Johnny Cash,"12,618,770","10,003",592,"13,632,777"
Jorja Smith,"12,588,126",-394,469,"16,402,144"
Ciara,"12,569,839","47,578",639,"12,569,839"
Alec Benjamin,"12,546,801","14,998",251,"23,650,761"
Karthik,"12,529,920","-20,034",723,"12,549,954"
Addison Rae,"12,517,008","188,070",450,"17,534,490"
Lizzo,"12,506,896","-19,781",105,"30,100,497"
Sid Sriram,"12,506,363","5,942",596,"12,542,077"
Mc Davi,"12,489,120","-66,987",620,"13,937,826"
Milo j,"12,475,338","-26,875",265,"21,285,336"
Counting Crows,"12,472,389","36,037",734,"12,472,389"
Tinashe,"12,464,711","21,639",377,"19,002,563"
The Smashing Pumpkins,"12,460,481",-37,659,"12,908,501"
Yan Block,"12,453,773","40,373",725,"12,817,307"
KHEA,"12,440,437","-30,079",458,"16,911,588"
Lil Tjay,"12,439,918","-7,962",268,"19,548,091"
Rick Ross,"12,430,665","-4,676",514,"15,272,290"
Alfredo Olivas,"12,402,899","34,855",582,"13,862,718"
Busta Rhymes,"12,399,160","33,069",599,"13,099,883"
Sadhana Sargam,"12,392,301","4,616",726,"12,621,403"
Tokischa,"12,369,264","65,194",394,"17,115,778"
Jesse & Joy,"12,362,311","-14,214",440,"15,999,739"
Zé Neto & Cristiano,"12,353,371","19,407",584,"13,788,491"
The Temper Trap,"12,342,766","45,392",765,"12,342,766"
Sixpence None The Richer,"12,336,170","67,804",664,"13,190,880"
Jaideep Sahni,"12,327,859","35,581",741,"12,501,212"
DJ Luian,"12,312,117","20,592",293,"19,413,064"
Dalex,"12,306,779","44,661",355,"18,038,673"
Matheus & Kauan,"12,297,955","9,664",595,"14,665,070"
fun.,"12,292,257","-41,874",594,"13,389,730"
Shekhar Ravjiani,"12,276,521","18,929",392,"15,805,465"
Ram Sampath,"12,275,658","22,391",472,"16,606,741"
Yuvan Shankar Raja,"12,260,387",-440,663,"13,133,325"
Maanu,"12,249,590","113,779",775,"12,249,590"
Russ,"12,244,908",584,365,"17,041,050"
Annural Khalid,"12,225,766","114,596",777,"12,225,766"
Los Dareyes De La Sierra,"12,219,350","156,328",542,"13,881,841"
Wale,"12,218,335","1,967",736,"12,597,643"
will.i.am,"12,209,617","3,951",566,"12,835,275"
Lykke Li,"12,174,364","144,291",781,"12,174,364"
Priya Saraiya,"12,154,138","-9,883",535,"15,607,281"
Thaman S,"12,153,342","3,509",591,"14,566,351"
Ajay-Atul,"12,148,706","6,168",597,"12,870,666"
NAV,"12,136,345","-58,822",203,"24,009,796"
Eden Muñoz,"12,096,575","-7,879",367,"17,438,441"
Daecolm,"12,088,460","50,212",786,"12,088,460"
Altamash Faridi,"12,057,261","31,820",530,"13,542,217"
The Verve,"12,043,717","17,361",763,"12,043,717"
Jowell & Randy,"12,026,715","59,902",516,"13,905,356"
Nanpa Básico,"12,004,432","1,109",782,"12,010,807"
Mahalakshmi Iyer,"12,003,240",-622,764,"12,243,472"
Sublime,"11,988,742","58,354",715,"12,352,613"
NXGHT!,"11,987,321","102,526",794,"11,987,321"
Van Halen,"11,964,969","-62,013",485,"14,349,969"
Oruam,"11,964,699","-45,462",613,"13,892,210"
Em Beihold,"11,958,796","94,303",135,"26,666,031"
Aditya Rikhari,"11,940,585","43,072",797,"11,940,585"
Ace of Base,"11,937,594","21,680",795,"11,937,594"
Blondie,"11,926,174","31,944",552,"13,208,088"
Spice Girls,"11,897,387","29,442",591,"13,114,444"
Paul McCartney,"11,895,715",-680,79,"43,578,778"
Mambo Kingz,"11,873,722","19,156",298,"19,318,210"
Abhijeet,"11,843,988","36,019",804,"11,843,988"
Harris Jayaraj,"11,843,034","-7,608",771,"11,926,169"
No Doubt,"11,836,967","9,920",688,"12,498,646"
Jax Jones,"11,826,695","-2,724",354,"17,202,952"
Aitana,"11,819,841","-48,594",411,"15,094,220"
Gusttavo Lima,"11,811,164","-37,867",508,"15,115,981"
Hindia,"11,810,711","63,491",804,"11,810,711"
Gigi D'Agostino,"11,789,928","10,680",509,"16,063,549"
Maren Morris,"11,789,176","27,816",432,"14,821,271"
Melanie Martinez,"11,786,466","38,933",257,"20,251,491"
Audioslave,"11,774,210","-2,317",736,"12,539,107"
Haddaway,"11,773,320","17,142",753,"12,097,583"
Los Tucanes De Tijuana,"11,760,207","11,192",484,"14,566,004"
MARINA,"11,716,077","7,734",694,"11,850,931"
Olivia Newton-John,"11,701,963","22,752",548,"15,711,570"
Lionel Richie,"11,700,444","17,827",641,"11,700,444"
Vicente Fernández,"11,699,943","40,011",647,"14,287,433"
TLC,"11,695,412","2,716",509,"15,896,784"
Flume,"11,692,380","34,791",571,"13,480,342"
Zion,"11,688,719","-6,072",650,"13,259,878"
Sam Barber,"11,684,534","-7,493",821,"11,692,027"
Raim Laode,"11,667,401","224,457",825,"11,667,401"
Seeb,"11,665,996","56,233",603,"13,308,958"
Coi Leray,"11,664,780","-2,261",72,"38,479,080"
Men At Work,"11,646,513","17,283",620,"13,582,552"
New West,"11,642,532","59,566",421,"15,372,580"
Olly Alexander (Years & Years),"11,641,001","13,268",738,"12,384,382"
Prince,"11,639,254","-27,907",630,"12,369,141"
Victor Valverde,"11,631,437","13,171",832,"11,631,437"
Clams Casino,"11,630,657","37,028",833,"11,630,657"
The Doobie Brothers,"11,628,758","56,382",706,"12,568,883"
Jungle,"11,626,488","15,981",544,"14,773,883"
MC G15,"11,625,260","-68,420",648,"13,493,517"
MXZI,"11,621,401","203,765",837,"11,621,401"
Modern Talking,"11,616,131","1,994",651,"13,539,206"
The Game,"11,613,248","-11,897",508,"13,935,195"
MC Fabinho da Osk,"11,613,209","98,922",840,"11,613,209"
America,"11,611,293","-5,460",654,"13,190,209"
Lainey Wilson,"11,585,270","36,749",653,"13,541,651"
Elyanna,"11,570,482","117,393",822,"11,570,482"
Snow Patrol,"11,569,567","-7,001",754,"12,280,298"
TWICE,"11,553,709","124,761",499,"12,855,155"
Flo Milli,"11,551,286","64,956",262,"22,109,344"
Neeraj Shridhar,"11,547,465","51,346",822,"11,547,465"
D-Block Europe,"11,544,816","-78,432",227,"23,915,073"
A$AP Ferg,"11,544,411","-12,895",585,"12,719,676"
La Oreja de Van Gogh,"11,540,950","-39,542",462,"17,350,078"
Asha Bhosle,"11,524,758","-5,894",822,"11,540,086"
Cults,"11,517,232","-9,402",463,"16,570,191"
Riley Green,"11,511,999","8,521",842,"11,511,999"
Chief Keef,"11,510,410",-617,436,"15,873,183"
Galantis,"11,504,547","18,985",338,"18,896,883"
Lily Allen,"11,503,175","20,957",840,"11,503,175"
Yebba,"11,501,759","-15,119",584,"14,544,599"
Luke Bryan,"11,501,563","31,843",601,"12,170,317"
Ofenbach,"11,482,768","-17,408",392,"18,344,823"
Korn,"11,471,357","-24,646",683,"12,292,792"
Carrie Underwood,"11,462,398","28,921",663,"11,844,710"
Duran Duran,"11,451,440","38,275",830,"11,451,440"
Simone Mendes,"11,447,483","40,705",535,"14,861,604"
Alex Krack,"11,444,376","-55,568",671,"13,075,230"
Kungs,"11,408,620","66,214",401,"16,546,336"
Blake Shelton,"11,395,439","25,231",329,"21,028,245"
King Von,"11,395,245","10,576",817,"11,459,632"
The Beach Boys,"11,393,320","1,018",161,"31,364,150"
Selena Gomez & The Scene,"11,389,100","13,651",525,"13,559,306"
R. D. Burman,"11,379,834","8,232",731,"12,335,423"
Victor Mendivil,"11,378,450","-2,329",827,"11,416,729"
Kavita Krishnamurthy,"11,375,071","9,557",834,"11,404,575"
Haze,"11,370,743","-40,389",644,"13,425,088"
Kate Bush,"11,357,196","4,834",424,"14,101,915"
WILLOW,"11,354,747","17,305",360,"15,561,760"
Shafqat Amanat Ali,"11,345,075","-6,230",784,"11,768,210"
Lunay,"11,304,413",-564,456,"15,718,665"
The Outfield,"11,299,462","51,191",406,"18,751,264"
Chicago,"11,298,098","23,466",790,"11,621,396"
Miguel Bosé,"11,296,364","-15,807",653,"11,632,240"
Mazzy Star,"11,270,721","35,602",803,"11,747,333"
Beach Weather,"11,270,679","13,964",597,"13,538,779"
Icona Pop,"11,253,737","113,591",597,"13,570,205"
Brytiago,"11,243,933","5,156",556,"13,359,249"
Crowded House,"11,236,121","12,531",681,"13,009,112"
H.E.R.,"11,235,602","-7,279",516,"13,009,255"
Nadeem Shravan,"11,223,910","37,005",887,"11,223,910"
6ix9ine,"11,223,056","5,282",584,"12,167,814"
X Ambassadors,"11,220,993","20,242",398,"14,934,403"
Isabel LaRosa,"11,216,014","-16,743",323,"21,221,325"
The Cardigans,"11,210,877","36,338",742,"12,158,038"
Imanbek,"11,201,905","8,937",280,"18,669,813"
Phoebe Bridgers,"11,189,637","12,364",706,"13,144,215"
LUDMILLA,"11,183,414","-56,802",327,"19,760,775"
Purple Disco Machine,"11,172,293","56,184",451,"14,934,992"
Tones And I,"11,171,272","24,240",416,"15,010,580"
James Bay,"11,149,207","3,505",571,"12,803,948"
OMI,"11,112,332","43,108",669,"13,042,332"
Tyler Childers,"11,111,670","15,050",610,"13,302,962"
Montell Fish,"11,110,656","18,617",614,"13,623,841"
Tina Turner,"11,100,668",-406,308,"19,164,105"
Raghav Chaitanya,"11,084,969","21,454",754,"12,272,593"
Hoobastank,"11,073,486","63,812",806,"11,553,185"
Manu Chao,"11,030,426","19,289",650,"12,111,612"
The Doors,"11,028,049",470,576,"14,836,797"
Belinda,"11,008,604","-106,558",585,"14,320,082"
Natalia Lafourcade,"11,008,218","38,373",685,"12,900,184"
ERNEST,"10,997,283","55,646",618,"14,052,464"
Frankie Valli,"10,983,018","166,776",909,"10,983,018"
LMFAO,"10,972,591","6,855",898,"10,972,591"
ZZ Top,"10,972,542","17,763",644,"12,205,493"
Pabllo Vittar,"10,968,556","9,200",242,"24,426,272"
Moneybagg Yo,"10,966,298","11,468",543,"13,691,597"
Diego & Victor Hugo,"10,954,259","6,463",873,"10,990,885"
Ely Oaks,"10,949,058","51,260",915,"10,949,058"
Gulzar,"10,939,913","-20,708",859,"11,135,190"
Malcolm Todd,"10,939,596","38,144",917,"10,939,596"
Rage Against The Machine,"10,935,622","-17,868",737,"11,117,604"
Arko,"10,935,197","31,493",918,"10,935,197"
Richy Mitch & The Coal Miners,"10,923,606","41,304",218,"25,801,578"
Marília Mendonça,"10,917,180","1,871",398,"14,932,890"
J. Eskine,"10,910,919","-101,294",642,"13,490,719"
José José,"10,910,265","7,806",769,"11,875,861"
Edward Maya,"10,906,069","64,810",859,"11,317,460"
Rekha Bhardwaj,"10,902,508","9,201",841,"11,380,223"
Hombres G,"10,892,641","27,621",589,"14,682,087"
John Lennon,"10,871,373","12,782",80,"42,190,219"
M.I.A.,"10,860,147","16,958",799,"11,834,296"
Juan Gabriel,"10,855,329","24,269",777,"11,167,757"
Murilo Huff,"10,842,414","10,546",623,"13,512,150"
Seafret,"10,829,636","-4,810",480,"12,965,413"
ScHoolboy Q,"10,817,865","-25,826",492,"16,556,015"
DJ Nelson,"10,814,582","-45,228",453,"16,878,140"
Timmy Trumpet,"10,793,224","10,765",648,"11,977,506"
Tammi Terrell,"10,764,493","33,324",445,"16,282,284"
Wizkid,"10,756,386","61,117",523,"13,758,308"
Tom Petty,"10,733,302","30,872",680,"12,072,427"
Dove Cameron,"10,733,135","-19,415",367,"15,363,797"
Mau y Ricky,"10,731,746","-5,986",489,"12,943,019"
Nikhita Gandhi,"10,708,958","-17,331",485,"14,908,425"
Nakash Aziz,"10,690,205","-47,439",819,"11,643,142"
Haricharan,"10,679,804","-17,092",836,"11,307,565"
Will Smith,"10,670,119","-1,143",819,"11,424,925"
For Revenge,"10,661,756","74,078",919,"10,661,756"
KALEO,"10,653,372","-156,295",471,"17,159,684"
John Summit,"10,648,006","-20,002",841,"11,263,759"
Silk Sonic,"10,645,410","5,079",373,"15,167,191"
Jon Pardi,"10,637,776","38,374",849,"10,637,776"
Kansas,"10,630,798","16,516",646,"13,264,985"
Zé Felipe,"10,620,426","-109,040",544,"15,297,326"
Kany García,"10,598,821","-22,188",600,"13,949,342"
Indila,"10,588,396","18,603",813,"11,185,834"
Javed Bashir,"10,580,789","26,187",953,"10,580,789"
Cassie,"10,578,955","115,466",819,"11,479,357"
Léo Foguete,"10,577,700","42,205",568,"15,080,414"
Dj Guuga,"10,574,089","58,304",956,"10,574,089"
Rascal Flatts,"10,567,151","-8,026",822,"10,692,470"
Santa Fe Klan,"10,561,629","11,172",576,"12,886,402"
Jason Aldean,"10,558,393","21,745",698,"11,170,383"
Andy Grammer,"10,546,218","5,970",733,"10,686,303"
Blur,"10,539,795","31,044",556,"12,999,306"
Kishore Kumar,"10,534,366","23,172",885,"10,896,830"
Descemer Bueno,"10,533,237","62,916",963,"10,533,237"
Luan Pereira,"10,529,914","65,636",488,"16,440,555"
Cup of Joe,"10,510,968","125,607",965,"10,510,968"
John Denver,"10,506,929","63,998",600,"13,363,125"
Wham!,"10,495,891","-48,774",13,"81,641,878"
bbyclose,"10,487,688",744,884,"11,000,184"
Laura Pausini,"10,471,953","-10,047",517,"16,503,545"
MC Kevin o Chris,"10,458,048","12,673",317,"19,054,899"
Mr. Probz,"10,454,940","30,921",937,"10,627,405"
Mötley Crüe,"10,449,345","49,263",924,"10,449,345"
Sohail Sen,"10,446,872","29,772",973,"10,446,872"
Shweta Mohan,"10,440,073","-28,785",820,"11,531,406"
Rag'n'Bone Man,"10,434,385","-15,106",475,"16,109,002"
$uicideboy$,"10,433,241","13,602",603,"12,765,583"
Brooks & Dunn,"10,428,711","25,056",866,"11,338,905"
Fitz and The Tantrums,"10,420,929","57,351",756,"11,667,964"
bôa,"10,416,739","-16,668",910,"10,683,977"
La Adictiva,"10,406,524","1,722",647,"11,844,888"
Davido,"10,400,901","113,159",981,"10,400,901"
Florida Georgia Line,"10,383,088","39,263",505,"13,886,025"
Birdy,"10,371,606","15,900",662,"11,832,939"
Dom Dolla,"10,357,020","25,832",984,"10,357,020"
The Clash,"10,349,806","-13,254",507,"16,396,253"
MC PH,"10,328,178","-26,329",542,"14,958,523"
Matt Sassari,"10,324,682","46,954",722,"12,242,661"
Omah Lay,"10,322,073","95,152",767,"11,853,184"
Connor Price,"10,321,669","4,083",908,"10,336,974"
Tego Calderón,"10,316,782","30,967",746,"12,169,352"
Ariis,"10,315,102","34,031",787,"11,995,767"
Sameer Anjaan,"10,313,550","-35,151",848,"11,085,875"
Jazzy,"10,310,139","37,458",993,"10,310,139"
Siddharth - Garima,"10,309,800","43,971",549,"14,517,947"
MC LUUKY,"10,303,361","-15,206",739,"12,764,479"
Kushagra,"10,300,316","136,423",996,"10,300,316"
DNCE,"10,300,078","38,792",591,"12,178,319"
Mismatched - Cast,"10,299,254","-37,132",757,"12,214,315"
Luck Ra,"10,295,802","9,403",571,"14,861,035"
Owl City,"10,271,908","6,871",753,"10,725,335"
Mario,"10,262,578","-11,846",765,"12,052,280"
Juicy Luicy,"10,259,199","62,919",741,"12,110,384"
Mc Don Juan,"10,246,964",-326,421,"17,278,848"
DG e Batidão Stronda,"10,242,969","-72,293",772,"12,012,367"
Lloyd,"10,236,982","26,071",1005,"10,236,982"
RÜFÜS DU SOL,"10,223,922","22,390",999,"10,223,922"
Stray Kids,"10,202,074","-22,550",682,"13,521,875"
Lizzy McAlpine,"10,201,196","26,015",293,"18,459,665"
Kool & The Gang,"10,195,216","24,027",875,"10,195,216"
Disciples,"10,192,802","-22,241",755,"11,871,137"
Ryan Lewis,"10,178,672","14,441",181,"27,624,928"
Odetari,"10,172,542","21,989",611,"14,062,107"
Like Mike,"10,172,536","27,834",519,"15,371,036"
Naughty Boy,"10,166,274","-20,091",459,"17,088,739"
YG,"10,153,197","-16,116",530,"12,471,725"
The Mamas & The Papas,"10,147,939","2,960",622,"13,830,643"
Zac Efron,"10,147,015","-25,520",810,"11,283,312"
Gustavo Mioto,"10,146,009","-12,057",616,"12,902,041"
MixSingh,"10,144,304","16,002",1019,"10,144,304"
Nessa Barrett,"10,137,817","-45,753",855,"11,023,137"
Simon & Garfunkel,"10,132,467","5,314",488,"16,424,922"
Joel Corry,"10,113,084","-3,220",301,"18,601,830"
DENNIS,"10,096,508","48,916",432,"17,466,515"
Soda Stereo,"10,095,394","-11,972",654,"12,924,399"
Ana Gabriel,"10,090,775","51,066",911,"10,508,537"
Nio Garcia,"10,087,789","4,407",484,"13,791,945"
Lauana Prado,"10,083,311","14,854",760,"11,452,065"
Aretha Franklin,"10,080,235","-38,630",475,"17,009,365"
Shashaa Tirupati,"10,074,691","8,022",797,"10,704,517"
Key Glock,"10,066,184","15,888",444,"16,394,056"
YNW Melly,"10,065,416","-35,189",619,"12,098,740"
Antara Mitra,"10,064,875","20,240",948,"10,290,610"
Alvaro Diaz,"10,061,116","-36,518",487,"16,168,880"
Keyshia Cole,"10,060,449","46,502",793,"11,212,896"
Chris Lake,"10,052,268","16,759",815,"11,248,545"
Jasiel Nuñez,"10,050,642","4,813",713,"12,779,992"
2 Chainz,"10,044,465","-15,860",518,"13,825,486"
Sin Bandera,"10,044,182","-27,841",826,"11,035,041"
Jordan Davis,"10,039,375","20,885",689,"11,670,670"
LANY,"10,039,356","39,607",768,"10,264,738"
Rvfv,"10,016,750","-39,506",647,"13,668,758"
PAWSA,"10,013,596","17,528",969,"10,316,051"
Yseult,"10,012,083","4,149",288,"22,756,249"
Avenged Sevenfold,"10,009,062","18,742",715,"12,268,247"
Chuwi,"10,006,114","-31,826",629,"13,732,583"
John Martin,"10,005,901","25,923",668,"11,535,835"
Alice In Chains,"9,992,873","23,048",990,"9,992,873"
DMX,"9,979,223","2,925",615,"10,919,370"
INNA,"9,978,419","13,509",646,"13,405,922"
"Tito ""El Bambino""","9,970,332","28,532",930,"10,213,056"
James Hype,"9,969,389","9,794",460,"13,541,656"
Kenny Rogers,"9,967,787","10,381",842,"10,796,353"
Grelo,"9,941,619","51,095",758,"12,242,458"
Mika Singh,"9,934,043",-850,958,"10,371,323"
The Magician,"9,922,782","139,499",1055,"9,922,782"
Anurag Saikia,"9,916,790","-59,028",777,"11,917,389"
Monali Thakur,"9,913,335","-18,675",948,"10,320,185"
Ben E. King,"9,904,119","-169,653",538,"14,153,115"
Jimmy Eat World,"9,903,890","11,028",679,"12,294,605"
070 Shake,"9,897,606","-7,790",101,"30,903,161"
aespa,"9,878,025","10,562",619,"13,739,202"
Mc Paiva ZS,"9,870,406","-45,242",786,"11,925,060"
The Temptations,"9,867,387","38,438",631,"13,625,814"
Ikky,"9,865,525","-21,854",880,"10,572,303"
NATTAN,"9,864,099","-63,041",560,"15,450,750"
Portugal. The Man,"9,861,191","-98,746",590,"14,507,187"
Willy William,"9,859,316","105,449",780,"10,376,125"
George Harrison,"9,855,666","-33,842",977,"10,292,276"
Incubus,"9,847,173","66,553",944,"10,099,913"
MC Cebezinho,"9,846,101","-26,492",869,"10,985,004"
Suki Waterhouse,"9,835,634","10,866",915,"10,518,504"
Bharath,"9,828,027","128,835",1072,"9,828,027"
Shenseea,"9,823,893","206,009",1073,"9,823,893"
Cody Johnson,"9,815,586","-8,018",937,"10,274,474"
Feby Putri,"9,813,586","92,170",1020,"9,814,706"
Normani,"9,808,635","-45,229",521,"13,231,383"
Avery Anna,"9,808,257","-20,144",1041,"9,870,680"
Father John Misty,"9,806,171","-10,646",574,"13,624,258"
Zac Brown Band,"9,806,169","49,469",654,"11,797,952"
Rita Ora,"9,798,248","-1,370",350,"15,748,850"
Standly,"9,792,713","18,224",438,"13,833,044"
Paul Simon,"9,791,963","22,566",932,"9,791,963"
Nadin Amizah,"9,774,299","54,114",848,"10,260,623"
Saaheal,"9,766,421","126,825",1084,"9,766,421"
SAIKO,"9,760,623","-13,585",418,"16,442,141"
Hailee Steinfeld,"9,757,802","109,054",440,"14,217,074"
Dermot Kennedy,"9,744,569","-8,390",405,"14,690,713"
Dread Mar I,"9,741,421","106,125",912,"9,781,524"
Jorsshh,"9,730,914","33,157",983,"10,013,426"
Franz Ferdinand,"9,725,744","17,022",995,"9,942,995"
Janet Jackson,"9,721,685","25,157",1088,"9,721,685"
Pixies,"9,698,160","15,084",778,"10,439,571"
Ricky Montgomery,"9,692,007","37,715",1010,"9,950,805"
Shaarib Toshi,"9,685,451","69,613",963,"10,056,906"
Payal Dev,"9,680,096","-17,027",559,"13,540,518"
Bazzi,"9,676,325","-3,459",428,"14,609,192"
Tulus,"9,674,929","67,762",858,"11,011,004"
Thalia,"9,671,197","1,005",699,"10,518,720"
Eric Church,"9,664,584","19,730",734,"11,083,348"
BL3SS,"9,657,740","9,600",879,"11,028,027"
Tochi Raina,"9,646,674","78,546",955,"9,896,279"
Wheatus,"9,642,149","-13,653",1030,"9,863,490"
CKay,"9,639,086","67,705",429,"15,504,745"
Santhosh Narayanan,"9,638,646","13,299",943,"10,384,118"
Anand Raj Anand,"9,637,387","69,812",1105,"9,637,387"
Pomme,"9,634,407","22,112",508,"16,931,754"
Sum 41,"9,619,258","-22,105",788,"11,437,182"
Naresh Iyer,"9,616,372","-3,528",1086,"9,625,033"
Sofiya Nzau,"9,589,933","19,799",832,"11,204,619"
Nusrat Fateh Ali Khan,"9,581,145","69,398",974,"9,846,417"
Yeah Yeah Yeahs,"9,577,433","4,619",816,"11,556,510"
Selena,"9,576,842","-49,013",899,"10,536,136"
j-hope,"9,568,082","-80,907",640,"11,578,747"
JC Reyes,"9,555,488","1,022",1076,"9,555,488"
Simple Plan,"9,549,395","12,292",1097,"9,549,577"
Sophie Ellis-Bextor,"9,543,642","12,850",226,"23,967,750"
Dhanush,"9,540,973","1,151",1021,"9,866,845"
Heart,"9,532,403","17,880",717,"10,760,608"
Of Monsters and Men,"9,526,315","22,336",958,"9,840,281"
Kenny Loggins,"9,513,025","30,113",718,"10,716,636"
Sonny Fodera,"9,511,407","27,094",1085,"9,523,265"
CamrinWatsin,"9,510,796",612,861,"11,199,808"
SOG,"9,490,569","-129,033",656,"13,624,856"
Sasha Alex Sloan,"9,486,067","28,778",463,"14,497,829"
Tim McGraw,"9,481,704","14,345",590,"14,643,751"
Patrick Watson,"9,433,789","-13,106",666,"13,136,966"
Neil Young,"9,429,257","91,732",972,"10,204,641"
Mc IG,"9,424,909","-19,619",640,"12,825,821"
Stebin Ben,"9,422,570","-16,966",636,"13,780,383"
L7NNON,"9,418,214","7,027",583,"12,086,026"
D.O.D,"9,408,750","25,160",1101,"9,427,230"
Carla Morrison,"9,402,415","-6,664",565,"11,635,580"
Lyodra,"9,396,007","62,543",839,"11,343,249"
Bernadya,"9,388,190","40,256",505,"16,108,630"
ILLIT,"9,378,203","13,505",420,"17,757,605"
Yusuf / Cat Stevens,"9,367,695","-18,971",722,"11,465,268"
Cafuné,"9,347,746","29,214",1094,"9,441,882"
Jory Boy,"9,339,463","11,126",1062,"9,492,504"
Cartel De Santa,"9,331,065","18,453",376,"15,547,760"
ELENA ROSE,"9,323,549","47,448",1024,"9,812,618"
Stormzy,"9,315,885","9,444",690,"12,387,299"
Jay Sean,"9,309,994","38,444",959,"9,734,442"
Israel & Rodolffo,"9,303,354","9,003",656,"11,805,143"
Bleachers,"9,301,404","15,540",633,"14,449,206"
Trey Songz,"9,298,420","45,512",1091,"9,298,420"
Kevin Kaarl,"9,285,035",390,1052,"9,485,489"
Caifanes,"9,281,889","40,644",1147,"9,281,889"
88rising,"9,276,781","74,923",1034,"9,276,781"
Ozzy Osbourne,"9,256,649","3,827",805,"10,761,665"
Luar La L,"9,256,469","-13,840",605,"12,945,000"
Novo Amor,"9,251,242","-19,295",951,"10,071,318"
Joe Jonas,"9,240,122","53,255",1120,"9,240,122"
Pamungkas,"9,238,531","119,606",1137,"9,238,531"
Ha*Ash,"9,231,914","3,509",918,"10,568,188"
Bacilos,"9,227,477","87,846",750,"10,937,343"
Diddy,"9,210,974","17,167",398,"16,823,499"
Mustard,"9,205,339","-9,206",477,"16,679,943"
Skillet,"9,201,907","-22,642",906,"10,695,017"
Yuridia,"9,193,640","-3,687",569,"11,987,029"
Nemzzz,"9,182,000","-111,462",1091,"9,641,939"
Laxmikant–Pyarelal,"9,181,367","-3,808",1158,"9,188,097"
Kenia OS,"9,178,909","2,165",634,"13,784,879"
Wallows,"9,175,709","-14,749",648,"13,176,091"
Hanumankind,"9,172,843","-65,570",244,"24,453,289"
UB40,"9,169,816","25,213",975,"10,009,316"
Emmanuel,"9,169,266","-10,606",1089,"9,415,331"
Sky Rompiendo,"9,161,117","-27,160",403,"16,344,563"
The Emotions,"9,158,015","22,333",1150,"9,158,015"
Colbie Caillat,"9,137,243","49,466",824,"10,144,142"
Ilaiyaraaja,"9,132,999","9,923",1108,"9,132,999"
Otis Redding,"9,130,500","73,892",468,"16,801,154"
ILLENIUM,"9,130,044","-19,900",570,"12,528,350"
John Travolta,"9,129,123","22,504",688,"13,226,920"
Harshdeep Kaur,"9,121,527","46,166",1174,"9,121,527"
Orochi,"9,101,268","-6,331",919,"10,501,022"
Nas,"9,099,034","5,391",547,"13,392,042"
Modjo,"9,095,979","2,508",1102,"9,342,808"
Juan Magán,"9,095,652","35,138",986,"9,711,529"
Adolescent's Orquesta,"9,090,754","-27,002",1005,"9,920,381"
Frankie Ruiz,"9,087,588","-10,747",1034,"9,757,544"
Supertramp,"9,086,189","-6,920",770,"11,079,047"
Vacations,"9,081,423","-3,449",808,"11,167,410"
Ferrugem,"9,076,369","-25,476",920,"10,934,806"
.Feast,"9,064,688","55,886",1148,"9,064,688"
Maiara & Maraisa,"9,063,043",79,622,"13,295,151"
Fiersa Besari,"9,059,960","80,132",1154,"9,059,960"
24kGoldn,"9,058,886","3,559",393,"15,117,675"
Luan Santana,"9,054,693","81,855",479,"15,797,554"
Del The Funky Homosapien,"9,053,465","-38,254",1155,"9,191,639"
Alan Jackson,"9,044,173","43,984",884,"10,566,160"
Anuradha Paudwal,"9,042,365","-25,601",1077,"9,284,108"
JR Torres,"9,038,700","-15,540",1117,"9,227,343"
Masego,"9,035,665","3,124",733,"11,852,173"
DJ Glenner,"9,032,734","6,916",721,"12,956,235"
Oliver Tree,"9,021,500","-6,391",85,"33,995,315"
Declan McKenna,"9,018,888","21,213",947,"10,097,970"
Etta James,"9,018,282","21,229",708,"11,990,433"
Roy Orbison,"9,011,899","105,318",674,"12,770,696"
Logic,"9,005,005","13,280",431,"13,970,820"
Elevation Worship,"8,999,634","11,040",1196,"8,999,634"
Gerardo Ortiz,"8,988,512","-35,969",888,"9,514,068"
Smash Mouth,"8,986,923","7,617",817,"11,323,052"
Cardenales De Nuevo León,"8,979,291","13,101",938,"10,788,169"
Michael Marcagi,"8,964,623","2,609",307,"21,166,338"
Benny Benassi,"8,964,519","-13,109",896,"9,607,912"
Powfu,"8,951,986","79,292",913,"9,966,417"
Villano Antillano,"8,949,978","20,932",682,"12,701,778"
MNEK,"8,947,773","21,666",451,"13,903,326"
Blood Orange,"8,947,703","29,959",1209,"8,947,703"
Sandro Cavazza,"8,947,148","-7,338",703,"12,693,895"
Ludovico Einaudi,"8,938,076",327,919,"10,189,884"
MKTO,"8,932,937","-22,074",831,"11,109,215"
Willie Colón,"8,922,002","2,892",898,"11,231,664"
ENHYPEN,"8,920,235","31,656",861,"10,254,021"
iann dior,"8,914,797","2,278",438,"14,436,905"
Nate Smith,"8,908,675","12,484",877,"10,843,323"
Randy,"8,904,425","19,443",1167,"9,032,725"
Alanis Morissette,"8,903,437","-42,234",1063,"9,451,670"
Natalie Imbruglia,"8,903,029","28,704",862,"11,016,168"
Hades66,"8,900,142","-64,786",1091,"9,518,193"
Gera MX,"8,899,071","10,234",706,"11,401,409"
Ken Carson,"8,896,402","23,204",882,"10,775,792"
Kidd Voodoo,"8,893,728","-59,406",1119,"9,312,664"
Zoé,"8,893,112","24,059",1153,"9,069,035"
Simple Minds,"8,892,990","15,969",937,"9,745,879"
Jessie Reyez,"8,892,665","-29,844",241,"21,763,207"
Guru Randhawa,"8,888,617","61,032",715,"10,872,244"
Jul,"8,883,798","74,176",1032,"9,184,258"
Intense,"8,882,094","-10,411",1018,"9,870,097"
Melendi,"8,867,105","-11,759",1086,"9,330,997"
Earl Agustin,"8,851,386","6,905",1191,"8,913,463"
Ogryzek,"8,846,469","6,568",1177,"8,954,491"
Sufjan Stevens,"8,845,385","-11,092",841,"10,726,112"
Alisha Chinai,"8,844,851","34,762",1104,"9,392,564"
Yami Safdie,"8,831,757","-88,816",673,"13,185,058"
Lewis Somes,"8,831,470","83,705",660,"13,277,154"
El Malilla,"8,829,609","-11,704",1142,"9,301,048"
Dhvani Bhanushali,"8,823,956","69,093",665,"11,726,344"
4 Non Blondes,"8,821,427","33,678",1135,"9,114,785"
Aqua,"8,820,067","15,807",61,"41,819,994"
Ghost,"8,818,103","65,953",778,"10,413,273"
INXS,"8,814,733","12,826",798,"10,326,929"
Cristian Castro,"8,814,495","6,714",986,"10,043,229"
Micro TDH,"8,811,395","22,162",732,"11,447,644"
The Ronettes,"8,806,554","50,200",68,"48,233,638"
Chance Peña,"8,797,819",680,564,"14,147,981"
Sidhu Moose Wala,"8,797,753","-9,801",637,"11,847,588"
Wesley Safadão,"8,792,387","-27,411",630,"12,636,327"
The Hollies,"8,788,643","150,077",1249,"8,788,643"
HARDY,"8,780,809","19,086",800,"11,792,487"
Majid Jordan,"8,771,395","18,523",934,"9,587,875"
The Black Keys,"8,763,012","-1,413",621,"13,313,966"
Cascada,"8,754,281","27,115",964,"9,772,300"
Akhil Sachdeva,"8,751,299","38,642",1044,"9,805,446"
Last Child,"8,750,688","43,401",1014,"9,958,369"
Talking Heads,"8,729,635","31,964",760,"12,088,005"
Guilherme & Benuto,"8,728,108","-6,443",525,"14,877,807"
Anuradha Sriram,"8,723,971","34,996",1258,"8,723,971"
Chuyin,"8,721,003","-19,428",1153,"8,993,394"
Pedro Capó,"8,713,425","10,458",634,"11,680,899"
Nina Simone,"8,703,796","20,486",990,"9,752,031"
DJ TOPO,"8,692,314","17,002",721,"12,220,776"
Love Funk,"8,690,585","-12,964",1000,"10,197,626"
James Blake,"8,688,348","14,232",582,"12,512,105"
Aya Nakamura,"8,685,096","24,707",734,"10,985,127"
Rovalio,"8,683,333","90,335",1266,"8,683,333"
Sam Feldt,"8,678,752","23,672",435,"15,313,300"
alt-J,"8,675,672","1,688",843,"10,387,663"
Grey,"8,673,388","41,976",913,"9,761,928"
PEDRO SAMPAIO,"8,671,548","-18,901",649,"12,430,384"
Men I Trust,"8,652,039","-5,531",844,"10,199,300"
Mari Fernandez,"8,650,594","-7,440",515,"14,086,116"
Dan + Shay,"8,636,176","24,832",388,"18,547,976"
keshi,"8,635,530","-4,056",504,"13,668,403"
Sleep Token,"8,631,391","111,363",1275,"8,631,391"
Bakar,"8,620,351","22,201",461,"16,733,660"
Ashe,"8,616,664","-1,203",516,"14,091,983"
Old Dominion,"8,614,058","19,200",944,"10,095,441"
Jarabe De Palo,"8,608,826","-99,976",848,"11,288,754"
Far East Movement,"8,605,247","16,300",1194,"8,833,921"
La Bouche,"8,603,241","32,891",645,"13,267,972"
Thirty Seconds To Mars,"8,594,856","31,790",874,"9,718,710"
Hasan Raheem,"8,589,786","77,038",1283,"8,589,786"
Louis Armstrong,"8,582,170","7,243",331,"20,774,856"
Ivan Cornejo,"8,579,420","10,226",1162,"8,816,285"
Mahalini,"8,569,529","63,317",708,"12,445,107"
Fugees,"8,566,444","11,120",925,"10,083,894"
Vintage Culture,"8,564,611","3,743",961,"10,029,332"
Chris Isaak,"8,560,017","6,043",1219,"8,703,203"
London Symphony Orchestra,"8,548,889",147,842,"11,208,736"
Dilsinho,"8,546,801","-18,208",762,"11,575,175"
Raj Ranjodh,"8,543,619","-6,687",1082,"9,146,047"
Amarabha Banerjee,"8,542,797","-33,636",942,"10,374,862"
Norah Jones,"8,527,542","5,806",671,"12,891,772"
Alex Rose,"8,523,814","-12,239",1137,"9,157,515"
Ke Personajes,"8,521,905","-77,889",595,"13,811,908"
Duke Dumont,"8,521,094","25,130",1043,"8,521,094"
Sorriso Maroto,"8,511,501","-12,735",1053,"9,893,388"
El Bogueto,"8,507,372","-10,475",1033,"9,918,622"
cassö,"8,503,849","-70,075",265,"21,787,952"
