Artist,Listeners,Daily Trend,Peak,PkListeners
Bruno Mars,"137,753,327","-271,086",1,"151,079,821"
Lady Gaga,"117,901,159","-324,878",2,"124,637,761"
The Weeknd,"117,893,054","-164,966",1,"126,192,069"
Kendrick Lamar,"101,341,568","-588,348",4,"112,091,210"
Billie Eilish,"101,132,435","-221,205",1,"108,297,865"
Coldplay,"90,642,366","-127,671",4,"96,459,910"
SZA,"87,828,980","-417,043",6,"97,852,020"
Rihanna,"87,661,761","-187,549",2,"91,529,958"
Bad Bunny,"83,082,844","-148,243",3,"95,350,887"
Taylor Swift,"82,119,752","-120,624",1,"116,229,071"
Justin Bieber,"78,494,174","-111,356",3,"104,411,890"
Drake,"78,339,101","-171,672",3,"86,591,246"
Ariana Grande,"77,554,173","600,408",2,"123,700,287"
Ed Sheeran,"75,957,293","-43,393",2,"94,810,774"
David Guetta,"73,991,792","-116,637",4,"80,447,076"
Eminem,"69,958,948","-224,174",5,"86,389,533"
Travis Scott,"69,629,577","-130,420",6,"75,557,671"
Dua Lipa,"68,900,629","138,407",3,"78,673,675"
Sia,"66,740,998","235,567",8,"93,545,630"
Sabrina Carpenter,"65,965,596","-187,195",4,"90,844,193"
Calvin Harris,"65,533,943","194,951",13,"73,882,008"
Post Malone,"64,890,043","-115,296",3,"98,466,468"
Kanye West,"63,850,682","-170,241",6,"78,581,428"
Maroon 5,"63,114,180","-109,399",21,"65,980,957"
Shakira,"62,827,020","1,305",3,"82,268,835"
J Balvin,"62,675,265","30,305",22,"65,323,505"
Future,"62,203,580","-590,146",22,"65,628,348"
Pitbull,"61,261,268","-121,611",28,"61,521,233"
Katy Perry,"59,682,251","-35,652",23,"65,618,321"
Playboi Carti,"59,601,810","460,574",30,"59,601,810"
Doechii,"59,563,779","353,169",30,"59,563,779"
Adele,"57,880,782","-133,611",23,"62,764,213"
Beyoncé,"56,969,342","-50,812",6,"78,122,541"
Lana Del Rey,"56,851,698","-114,956",22,"64,952,989"
Doja Cat,"56,786,129","-18,645",5,"76,357,864"
ROSÉ,"55,780,392","-286,788",17,"71,124,800"
Imagine Dragons,"54,852,615","-173,522",18,"62,801,774"
Chris Brown,"53,347,991","-94,106",25,"54,390,450"
Arctic Monkeys,"52,990,524","29,132",36,"56,618,863"
Miley Cyrus,"52,540,678","-58,857",2,"84,140,935"
Selena Gomez,"51,257,823","519,620",22,"58,879,269"
Marshmello,"50,873,473","66,862",11,"68,947,085"
Sam Smith,"50,853,570","-177,073",7,"73,972,799"
Daddy Yankee,"50,783,888","-95,808",22,"58,098,739"
JENNIE,"49,868,825","268,941",45,"49,868,825"
KAROL G,"49,854,745","-158,557",21,"63,139,763"
Gracie Abrams,"49,807,021","-127,037",43,"51,497,815"
Benson Boone,"49,608,945","-334,239",31,"60,310,612"
Teddy Swims,"49,382,444","150,205",44,"51,616,484"
Tate McRae,"49,220,475","-198,487",26,"59,945,963"
OneRepublic,"49,068,415","-152,167",23,"64,167,172"
Rauw Alejandro,"48,951,598","-198,321",34,"55,799,543"
Khalid,"48,448,275","-26,033",28,"55,253,946"
Halsey,"48,230,347","-144,992",48,"48,404,191"
Lil Wayne,"48,111,896","-135,873",43,"52,904,090"
Metro Boomin,"47,507,340","-123,569",17,"64,728,517"
Hozier,"47,312,568","257,831",32,"57,616,097"
The Chainsmokers,"47,073,467","27,394",47,"50,559,085"
"Tyler, The Creator","46,996,814","-116,458",43,"52,930,766"
Elton John,"46,774,133","-30,728",16,"72,669,137"
Chappell Roan,"46,660,678","49,923",59,"46,660,678"
Queen,"46,640,289","-82,890",29,"64,087,998"
Linkin Park,"46,396,337","443,584",29,"60,369,972"
Olivia Rodrigo,"45,930,502","50,530",18,"64,128,148"
Michael Jackson,"45,860,365","-25,225",35,"55,663,612"
21 Savage,"45,715,239","-101,469",17,"66,771,445"
Harry Styles,"45,334,512","131,130",13,"66,411,599"
Nicki Minaj,"45,147,677","-10,467",18,"65,680,733"
Ozuna,"43,934,615","-118,977",40,"51,532,028"
Maluma,"43,863,184","-136,673",56,"47,177,187"
Arijit Singh,"43,537,881","-128,984",57,"44,651,776"
One Direction,"43,352,673","22,010",26,"61,154,815"
Black Eyed Peas,"43,335,107","41,590",57,"43,630,829"
Camila Cabello,"43,142,610","-11,904",57,"48,063,760"
Shawn Mendes,"42,171,674","-38,466",45,"49,285,295"
Peso Pluma,"42,140,373","-95,950",27,"59,429,724"
Justin Timberlake,"42,073,467","120,377",57,"46,918,730"
Ellie Goulding,"41,892,063","-14,431",51,"45,626,754"
Ne-Yo,"41,472,563","-111,484",79,"41,618,814"
USHER,"41,461,762","-61,201",47,"51,216,038"
Lola Young,"40,896,173","-128,467",63,"45,503,184"
Ty Dolla $ign,"40,798,279","630,916",40,"52,532,512"
Myke Towers,"40,404,879","-131,606",48,"47,235,005"
The Neighbourhood,"40,024,594","15,762",62,"45,186,994"
Shreya Ghoshal,"39,910,923","-119,999",72,"42,741,430"
Pritam,"39,883,064","-189,953",75,"42,001,071"
Britney Spears,"39,562,963","31,672",48,"54,776,119"
Kesha,"38,862,312","151,650",58,"51,088,856"
Feid,"38,415,190","-84,430",53,"46,407,503"
Madonna,"38,378,654","70,342",50,"48,192,778"
Don Omar,"38,005,912","-48,811",89,"38,432,695"
The Kid LAROI,"37,702,661","-223,347",50,"46,982,806"
Kali Uchis,"37,535,009","137,202",49,"48,511,206"
Anitta,"37,491,245","-317,157",64,"45,678,504"
A$AP Rocky,"37,393,863","-67,835",91,"38,053,171"
Tiësto,"37,287,026","-50,146",38,"53,621,311"
Sean Paul,"37,175,691","-226,783",66,"38,975,847"
Avicii,"37,058,083","-82,695",68,"43,468,577"
J. Cole,"36,962,276","-351,679",45,"48,760,887"
Flo Rida,"36,919,132","72,122",100,"36,919,132"
A.R. Rahman,"36,893,201","-129,452",87,"38,979,250"
P!nk,"36,788,851","74,902",68,"37,814,655"
50 Cent,"36,552,285","-78,993",79,"40,126,544"
Bebe Rexha,"36,024,548","71,346",37,"49,496,274"
Frank Ocean,"35,990,532","-58,828",96,"37,385,637"
Red Hot Chili Peppers,"35,941,143","-14,583",81,"39,602,017"
Wiz Khalifa,"35,931,664","124,649",96,"37,566,246"
PARTYNEXTDOOR,"35,758,318","-167,134",91,"38,820,076"
Fleetwood Mac,"34,918,628","10,629",97,"35,832,635"
Don Toliver,"34,828,946","-182,165",85,"38,943,885"
DJ Snake,"34,397,969","-11,422",94,"37,610,999"
RAYE,"34,260,379","-315,967",70,"39,867,399"
Morgan Wallen,"34,230,254","87,751",59,"46,385,773"
Romeo Santos,"34,114,580","-120,277",97,"37,325,349"
JAY-Z,"34,002,788","-64,439",66,"38,587,931"
Grupo Frontera,"33,844,874","-49,626",64,"39,234,817"
Swae Lee,"33,725,344","-4,998",51,"47,431,521"
Farruko,"33,698,414","-70,275",64,"39,498,431"
XXXTENTACION,"33,680,389","-91,694",67,"42,898,057"
Pharrell Williams,"33,671,932","-170,455",90,"37,520,208"
Manuel Turizo,"33,453,849","-55,419",66,"39,587,171"
Anuel AA,"33,105,872","-59,212",83,"35,286,500"
Daniel Caesar,"33,045,053","-340,835",69,"44,105,561"
Gunna,"32,816,981","-9,692",65,"43,236,433"
James Arthur,"32,761,941","67,916",69,"40,276,141"
Nirvana,"32,753,123","-28,982",122,"33,043,885"
Macklemore,"32,438,595","46,836",99,"36,292,075"
Kygo,"32,346,837","57,692",95,"37,407,823"
Disney,"32,337,241","59,441",126,"32,849,649"
The Police,"32,223,230","-92,692",120,"34,009,217"
Alicia Keys,"32,073,226","-2,849",101,"36,467,650"
Charlie Puth,"31,975,021","-262,274",58,"42,603,508"
Nicky Jam,"31,754,314","-25,547",128,"31,779,861"
The Beatles,"31,681,365","-71,024",78,"37,399,629"
Radiohead,"31,553,777","-8,063",135,"31,561,840"
Guns N' Roses,"31,503,587","-84,207",132,"31,934,056"
Green Day,"31,500,668","-1,335",96,"36,657,007"
Charli xcx,"31,454,261","-77,396",56,"46,491,335"
Fuerza Regida,"31,395,139","-12,455",105,"35,789,194"
Cris Mj,"31,124,281","-76,052",52,"49,896,640"
Anne-Marie,"31,026,790","171,982",61,"41,501,481"
Gorillaz,"30,991,422","58,806",54,"41,977,704"
Lil Baby,"30,883,487","-101,485",76,"41,194,598"
ABBA,"30,768,982","-24,737",105,"35,949,380"
Diplo,"30,740,820","-10,596",95,"34,712,763"
Akon,"30,707,004","-38,806",128,"32,792,945"
AC/DC,"30,484,867","-34,849",77,"40,609,655"
benny blanco,"30,482,786","436,913",148,"30,482,786"
Miguel,"30,470,639","94,396",80,"34,144,669"
Juice WRLD,"30,464,989","-58,802",92,"39,483,073"
Mark Ronson,"30,360,095",806,131,"32,768,567"
Christina Aguilera,"30,357,943","28,548",143,"34,034,008"
Jack Harlow,"30,357,785","192,495",29,"59,210,566"
Sachin-Jigar,"30,355,139","-96,065",125,"33,519,556"
Ava Max,"30,210,001","-86,367",85,"42,954,408"
Ovy On The Drums,"29,823,244","54,611",156,"29,823,244"
Neton Vega,"29,748,506","11,320",153,"29,764,312"
Jason Derulo,"29,610,685","-8,422",77,"39,368,590"
Childish Gambino,"29,558,400","33,898",151,"30,712,179"
Bon Jovi,"29,505,067","-166,365",143,"30,883,021"
Tom Odell,"29,433,584","-63,489",87,"38,447,142"
Alex Warren,"29,431,975","402,688",162,"29,431,975"
Enrique Iglesias,"29,322,488","-28,959",151,"29,709,479"
Snoop Dogg,"28,953,920","-16,061",109,"34,236,028"
The Goo Goo Dolls,"28,704,383","43,245",165,"28,704,383"
Empire Of The Sun,"28,608,511","109,732",166,"28,608,511"
d4vd,"28,607,744","132,440",94,"31,836,766"
Lord Huron,"28,576,553","-31,896",146,"31,623,501"
Lil Uzi Vert,"28,560,087","43,607",67,"39,580,515"
JHAYCO,"28,511,292","-59,690",102,"33,308,450"
Florence + The Machine,"28,382,284","-141,618",108,"35,434,529"
Gigi Perez,"28,224,499","-232,212",159,"29,496,337"
Vishal-Shekhar,"28,045,438","-123,462",160,"29,907,143"
Bizarrap,"28,036,449","-49,470",28,"54,300,662"
Cardi B,"28,004,221","-62,426",84,"36,282,159"
Young Thug,"27,992,620","-27,889",97,"33,656,406"
GIVĒON,"27,901,062","-88,412",145,"30,904,678"
Amitabh Bhattacharya,"27,726,884","-111,560",149,"30,111,225"
Jennifer Lopez,"27,677,229","-42,191",178,"27,802,833"
Whitney Houston,"27,618,434","118,620",135,"35,060,772"
Carin Leon,"27,562,659","140,874",125,"32,386,759"
Cigarettes After Sex,"27,409,146","-16,771",142,"31,412,056"
Metallica,"27,365,048","-75,845",144,"27,705,582"
Twenty One Pilots,"27,294,297","-13,039",118,"34,284,091"
Billy Joel,"27,239,327","31,922",132,"32,898,654"
Nelly Furtado,"27,091,468","-20,293",159,"28,215,959"
Beéle,"26,921,862","37,837",187,"26,921,862"
Robin Schulz,"26,897,485","24,231",76,"34,908,935"
Mariah Carey,"26,874,140","5,093",5,"100,610,625"
Tame Impala,"26,685,623","-3,330",162,"28,367,463"
Alan Walker,"26,633,432","26,861",100,"33,218,914"
Lily-Rose Depp,"26,622,675","52,604",117,"32,569,522"
Udit Narayan,"26,619,952","-70,757",179,"27,962,550"
Noah Kahan,"26,574,673","-32,037",86,"37,900,933"
Junior H,"26,553,845","-146,285",141,"28,903,235"
Megan Thee Stallion,"26,542,928","-266,969",108,"35,834,865"
Creedence Clearwater Revival,"26,525,582","-88,230",92,"38,637,577"
Lewis Capaldi,"26,509,266","-98,985",66,"37,776,153"
Paramore,"26,331,798","35,474",199,"26,331,798"
Sexyy Red,"26,313,238","-104,655",105,"36,995,746"
Mac Miller,"26,294,184","15,223",173,"28,673,744"
ZAYN,"26,159,291","-17,725",160,"28,851,598"
Demi Lovato,"25,984,482","-31,512",98,"33,320,815"
Clean Bandit,"25,935,379","146,490",167,"29,350,485"
The Marías,"25,902,360","459,741",205,"25,902,360"
TOTO,"25,663,474","46,257",147,"31,472,214"
2Pac,"25,628,579","-94,163",187,"27,274,115"
Zach Bryan,"25,593,370","-41,164",119,"34,463,168"
Major Lazer,"25,571,421","-34,200",132,"31,365,666"
Tanishk Bagchi,"25,525,079","-122,077",165,"29,015,967"
G-Eazy,"25,482,914","130,979",211,"25,482,914"
The Killers,"25,443,008","-13,398",178,"28,483,994"
The Rolling Stones,"25,386,971","-30,493",138,"29,911,374"
FloyyMenor,"25,301,261","-9,989",66,"42,961,167"
The Cranberries,"25,274,096","4,768",190,"27,044,375"
Kodak Black,"25,245,184","10,457",99,"33,708,388"
AFROJACK,"25,239,980","-170,943",210,"25,499,833"
KK,"25,084,388","-37,801",200,"26,282,162"
Luke Combs,"25,051,800","12,743",114,"34,881,535"
Lost Frequencies,"24,942,695","94,383",105,"36,503,461"
Tito Double P,"24,921,484","-70,508",219,"25,021,549"
Central Cee,"24,902,076","57,782",78,"40,321,501"
Lil Tecca,"24,772,587","265,886",223,"24,772,587"
Conan Gray,"24,763,969","-6,910",167,"28,549,479"
Bob Marley & The Wailers,"24,681,644","-83,161",170,"28,137,637"
DaBaby,"24,665,044","58,218",103,"32,070,946"
Steve Lacy,"24,621,201",-779,111,"31,029,345"
Tyla,"24,617,774","-87,681",112,"34,775,358"
Outkast,"24,530,141","25,891",203,"26,630,672"
The Notorious B.I.G.,"24,475,559","22,845",202,"25,886,768"
Trippie Redd,"24,449,174","-168,147",137,"31,720,053"
Phil Collins,"24,431,783","6,552",232,"24,431,783"
Camilo,"24,429,761","34,178",229,"24,620,494"
Jess Glynne,"24,366,592","243,480",234,"24,366,592"
Pink Floyd,"24,358,854","-31,412",232,"24,444,246"
Becky G,"24,331,132","-7,156",78,"36,514,621"
Irshad Kamil,"24,261,634","-66,330",217,"25,341,346"
BTS,"24,131,972","-105,884",63,"40,741,916"
Arcángel,"24,046,811","-16,385",112,"29,918,189"
Sebastian Yatra,"24,045,226","-3,657",137,"28,235,688"
Atif Aslam,"24,035,487","-84,449",216,"25,541,636"
Ryan Castro,"23,947,613","-2,329",171,"29,371,208"
French Montana,"23,933,997","-17,271",220,"25,515,389"
Oscar Maydon,"23,933,423","32,800",174,"28,881,483"
Himesh Reshammiya,"23,853,230","-119,588",209,"25,666,667"
Natanael Cano,"23,844,091",-718,159,"28,962,500"
Journey,"23,794,164","-96,489",201,"26,816,449"
Shilpa Rao,"23,788,220","-52,784",158,"28,394,666"
Shankar Mahadevan,"23,774,705","-44,132",230,"24,786,381"
Bee Gees,"23,763,237","-45,767",158,"28,740,653"
John Legend,"23,709,814",368,107,"36,598,430"
Danny Ocean,"23,649,173","-20,432",187,"27,776,733"
LISA,"23,646,897","-769,026",191,"26,847,435"
Meghan Trainor,"23,595,580","35,985",69,"41,619,008"
Omar Courtz,"23,508,471","63,636",143,"31,088,939"
Fall Out Boy,"23,452,868","-23,202",129,"30,377,374"
Dominic Fike,"23,433,837","-92,239",193,"26,663,756"
Dr. Dre,"23,409,503","-89,393",194,"27,880,888"
Avril Lavigne,"23,370,150","-17,891",214,"25,975,556"
Chencho Corleone,"22,994,866","-73,315",106,"31,161,386"
Oasis,"22,957,337","-60,380",130,"32,783,280"
Tory Lanez,"22,950,840","-43,202",180,"26,498,835"
Quevedo,"22,946,223","-30,969",71,"38,182,790"
Aerosmith,"22,888,235","-75,399",201,"24,283,338"
Blessd,"22,880,777","-1,723",207,"26,439,074"
Zara Larsson,"22,843,482","15,219",162,"29,026,526"
System Of A Down,"22,801,623","-11,859",249,"24,010,200"
beabadoobee,"22,792,888","-100,336",198,"26,896,155"
Natasha Bedingfield,"22,728,238","111,094",165,"28,725,197"
Swedish House Mafia,"22,699,723","-94,684",187,"26,245,665"
The Script,"22,689,245","-34,857",204,"26,078,314"
Bryan Adams,"22,681,034","-22,652",231,"26,007,882"
Daft Punk,"22,655,123","-32,536",225,"23,376,824"
Gabito Ballesteros,"22,546,562","-87,120",237,"24,111,439"
Nickelback,"22,509,058","13,032",264,"23,366,875"
Dei V,"22,476,628","37,920",155,"29,780,833"
Mitski,"22,444,272","-21,604",71,"39,387,536"
Ray Dalton,"22,429,088","30,435",278,"22,437,225"
ROSALÍA,"22,357,338","-132,256",47,"46,715,627"
Shaboozey,"22,344,717","-46,163",110,"35,811,664"
Kid Cudi,"22,288,698","-55,528",149,"29,550,228"
GloRilla,"22,268,613","-87,736",166,"28,822,517"
Aventura,"22,159,159","-67,752",282,"22,309,248"
Train,"22,158,641","26,627",171,"29,211,060"
Martin Garrix,"22,149,755","64,682",175,"23,962,214"
Chris Stapleton,"22,098,577","-26,703",197,"26,834,473"
Shankar-Ehsaan-Loy,"22,068,008","-71,239",270,"23,088,031"
Sunidhi Chauhan,"22,030,805","-22,048",268,"23,147,163"
Mohit Chauhan,"21,945,075","-51,983",267,"22,912,154"
Alok,"21,944,970","-16,131",123,"33,578,843"
Backstreet Boys,"21,915,245","-5,907",205,"26,680,229"
Vance Joy,"21,861,684","40,939",117,"32,405,324"
"Earth, Wind & Fire","21,857,280","-22,286",198,"26,595,110"
Macklemore & Ryan Lewis,"21,756,909","35,613",190,"25,456,801"
Tyga,"21,657,638","-41,396",176,"25,118,039"
Disclosure,"21,610,771","-21,336",253,"24,194,511"
Tainy,"21,500,386","-30,078",91,"35,233,699"
Mithoon,"21,478,651","-63,131",277,"22,806,472"
Luis R Conriquez,"21,435,333","-59,061",284,"22,621,146"
Tears For Fears,"21,372,772","-14,831",238,"24,307,146"
Alka Yagnik,"21,350,336","-63,453",286,"22,355,786"
TV Girl,"21,333,359","-14,587",255,"23,816,777"
Plan B,"21,324,780","-47,123",229,"24,657,446"
Luis Fonsi,"21,191,415","9,543",214,"23,290,182"
Djo,"21,188,400","-111,150",63,"44,239,817"
El Alfa,"21,142,420","-54,790",223,"23,914,135"
Chase Atlantic,"21,075,227","60,469",263,"23,118,141"
Sleepy Hallow,"21,063,152","-119,061",306,"21,195,236"
Dire Straits,"21,012,054","-28,952",309,"21,284,160"
Måneskin,"20,919,756","19,696",134,"26,818,201"
Felix Jaehn,"20,915,764","66,292",194,"24,535,929"
Tommy Richman,"20,869,123","-182,143",47,"50,755,802"
Calum Scott,"20,863,399","-12,250",131,"28,676,261"
Bastille,"20,834,049","54,329",183,"26,610,747"
Daryl Hall & John Oates,"20,821,493","-13,952",133,"34,415,282"
Kings of Leon,"20,807,412","12,267",241,"24,493,486"
Rema,"20,797,147","-31,453",60,"40,010,586"
DJ Khaled,"20,748,114","-70,719",124,"29,389,696"
a-ha,"20,742,298","146,720",180,"28,104,014"
Bryson Tiller,"20,718,176","-11,353",169,"28,259,185"
Anirudh Ravichander,"20,706,267","-59,540",114,"31,302,762"
Javed Ali,"20,703,886","-68,622",295,"22,107,274"
Arcane,"20,665,414","-45,047",212,"27,212,029"
Panic! At The Disco,"20,659,813","-64,080",165,"27,310,489"
Lil Durk,"20,635,375","302,191",92,"34,773,282"
Troye Sivan,"20,634,586","266,126",107,"32,443,596"
The Lumineers,"20,583,999","-12,206",165,"28,855,344"
Lorde,"20,516,607","-45,741",222,"23,023,548"
Summer Walker,"20,474,762","-113,620",167,"28,542,051"
U2,"20,465,103","-45,902",233,"23,044,157"
Eagles,"20,448,313","18,870",104,"38,461,042"
Labrinth,"20,408,593","-27,530",67,"36,829,106"
Kapo,"20,344,956","-70,949",271,"22,915,853"
yung kai,"20,292,252","83,005",334,"20,746,022"
Anderson .Paak,"20,256,430","-125,089",197,"23,668,985"
Yandel,"20,254,590","-32,822",126,"27,875,326"
CYRIL,"20,214,325","17,537",227,"25,127,423"
Disturbed,"20,194,902","-40,565",286,"22,402,786"
Wisin & Yandel,"20,177,499","-41,486",173,"23,350,285"
Timbaland,"20,173,143","-17,148",256,"21,725,657"
Elvis Presley,"20,170,540","-11,617",57,"52,355,319"
Vishal Mishra,"20,135,359","-97,062",227,"24,121,173"
Yo Yo Honey Singh,"20,018,142","-125,478",288,"22,069,295"
Brent Faiyaz,"19,993,173","-63,560",192,"25,902,758"
Lil Nas X,"19,988,622","55,345",61,"37,597,256"
Imogen Heap,"19,949,551","14,041",346,"19,949,551"
Sonu Nigam,"19,948,266","-83,328",281,"22,741,063"
Young Miko,"19,916,412","67,040",105,"33,633,855"
HUGEL,"19,884,211","21,179",348,"20,316,575"
Nelly,"19,872,243","-6,480",316,"20,235,596"
5 Seconds of Summer,"19,839,236","-9,498",205,"25,934,585"
Keane,"19,817,008","-62,566",314,"21,284,559"
Led Zeppelin,"19,782,779","-82,367",294,"20,489,383"
Alphaville,"19,778,667","-100,818",271,"22,723,241"
Amy Winehouse,"19,585,202","-46,261",279,"22,846,644"
Bruce Springsteen,"19,467,684","-35,007",107,"38,727,164"
Sachet-Parampara,"19,430,653","49,516",357,"19,430,653"
Rels B,"19,390,270","-73,786",239,"24,237,621"
T-Pain,"19,390,027","259,105",359,"19,390,027"
JID,"19,388,665","-73,110",100,"34,163,239"
Badshah,"19,386,463","-95,693",273,"23,042,104"
NLE Choppa,"19,359,237","-10,306",181,"24,991,591"
Diljit Dosanjh,"19,330,890","-72,939",247,"23,839,106"
Gabry Ponte,"19,321,465","35,596",364,"19,321,465"
Mc Gw,"19,294,263","-114,556",238,"24,214,206"
Chinmayi,"19,284,434","-3,698",357,"19,758,776"
Glass Animals,"19,189,863","-19,499",132,"28,077,809"
Burna Boy,"19,169,106","-101,541",244,"24,057,543"
Alemán,"19,160,476","142,867",369,"19,160,476"
Myles Smith,"19,142,757","-25,132",170,"28,960,193"
Foo Fighters,"19,066,147","-33,239",231,"23,378,244"
Daya,"19,054,677","-12,270",340,"20,492,260"
Mac DeMarco,"19,013,060","-21,472",318,"20,710,634"
De La Ghetto,"18,992,869","-43,584",238,"21,703,557"
The Offspring,"18,929,007","7,653",309,"21,326,758"
Lauv,"18,923,418","-53,798",257,"22,804,645"
Fetty Wap,"18,913,898","37,013",377,"18,913,898"
Duki,"18,819,180","-63,635",162,"26,492,455"
Kelly Clarkson,"18,741,816","54,404",29,"64,847,712"
Gotye,"18,698,302","28,310",367,"18,863,328"
Sachet Tandon,"18,677,619","-90,155",363,"19,566,766"
Sech,"18,666,153","110,744",174,"23,591,625"
Kausar Munir,"18,639,727","54,835",383,"18,639,727"
Jessie J,"18,622,491","116,430",304,"23,379,270"
Skrillex,"18,571,266","-49,890",175,"23,635,431"
Stevie Wonder,"18,565,620","-31,051",114,"34,912,997"
Ruth B.,"18,544,937","8,269",224,"23,065,545"
Joji,"18,544,084","-12,698",116,"29,284,554"
Artemas,"18,531,409","3,409",43,"53,546,898"
Big Sean,"18,513,216","-26,537",166,"29,499,746"
Vishal Dadlani,"18,493,238","44,439",307,"19,035,408"
Amit Trivedi,"18,437,543","-73,553",363,"19,965,129"
Marvin Gaye,"18,378,142","-20,067",243,"22,903,088"
Christian Nodal,"18,375,259","75,942",220,"24,683,573"
Baby Keem,"18,284,135","-98,452",237,"23,094,570"
Parampara Tandon,"18,282,544","50,979",396,"18,282,544"
Foreigner,"18,281,639","-31,534",396,"18,313,173"
R.E.M.,"18,222,381","-85,329",332,"19,427,504"
Shaggy,"18,221,919","-105,867",328,"18,585,476"
Tulsi Kumar,"18,200,891","-86,786",346,"20,616,552"
Offset,"18,171,204","-81,899",183,"25,315,155"
blink-182,"18,157,610","-36,833",268,"22,103,116"
Juanes,"18,138,022","3,561",332,"19,298,882"
George Michael,"18,118,653","6,580",139,"31,867,957"
Jonas Brothers,"18,109,217","115,394",119,"34,608,604"
Foster The People,"18,082,639","16,493",313,"22,182,297"
TINI,"17,946,089","177,064",194,"26,064,686"
Maria Becerra,"17,942,541","-7,470",159,"26,919,900"
Reik,"17,922,793","-94,239",253,"22,018,792"
Chino Pacas,"17,906,361","-155,671",267,"21,601,531"
Topic,"17,874,009","8,858",343,"19,460,472"
League of Legends,"17,854,465","-21,471",336,"21,226,665"
Pop Smoke,"17,806,773","-71,748",162,"25,280,553"
Gwen Stefani,"17,796,283","-6,392",131,"35,714,924"
Dido,"17,773,167","12,477",307,"21,688,560"
Neeti Mohan,"17,747,766","-56,386",389,"18,895,948"
Clairo,"17,721,686","-30,941",337,"20,395,711"
Ayra Starr,"17,673,105","-89,640",134,"32,190,133"
Evanescence,"17,655,639","138,923",407,"18,667,852"
Tiago PZK,"17,649,080","12,518",244,"22,623,731"
Coolio,"17,647,509","2,209",367,"19,724,313"
Dean Lewis,"17,592,702","-11,861",266,"19,801,720"
Alessia Cara,"17,573,338","-39,880",227,"25,204,710"
Kimbra,"17,492,651","31,923",424,"17,862,679"
Lil Yachty,"17,476,861","-9,935",315,"20,524,026"
Stephen Sanchez,"17,466,026","-21,599",82,"34,322,910"
Zion & Lennox,"17,465,610","-8,866",230,"22,169,487"
Nicki Nicole,"17,456,272","247,966",173,"27,818,511"
FISHER,"17,455,725","106,344",382,"19,632,720"
Marc Anthony,"17,450,355","-21,277",419,"17,471,632"
Amaal Mallik,"17,433,299","-63,673",390,"19,443,427"
Alesso,"17,400,261","17,202",259,"21,319,973"
Cyndi Lauper,"17,347,997","-17,707",214,"25,807,659"
Céline Dion,"17,256,032","-7,824",105,"38,976,847"
Julia Michaels,"17,235,223","-15,895",309,"20,387,752"
The Fray,"17,180,862","48,604",436,"17,180,862"
Kehlani,"17,171,991","-54,752",413,"17,718,711"
Limp Bizkit,"17,168,530","19,276",438,"17,168,530"
Dolly Parton,"17,162,862","-30,682",245,"26,134,547"
Carly Rae Jepsen,"17,162,279","11,610",317,"18,869,973"
Christina Perri,"17,035,925","29,931",424,"17,035,925"
Jubin Nautiyal,"17,015,421","-63,998",241,"22,249,499"
Los Ángeles Azules,"17,006,798","82,129",374,"19,765,045"
Jelly Roll,"17,004,279","-25,482",273,"23,529,805"
Annie Lennox,"16,989,530","7,811",301,"22,105,566"
MGMT,"16,974,973","5,725",416,"18,279,387"
Jeremih,"16,969,559","25,094",447,"16,969,559"
Bryant Myers,"16,944,929","-22,376",341,"18,758,660"
Stromae,"16,916,663","-7,984",249,"25,659,827"
Migos,"16,915,901","-30,324",296,"20,299,307"
Roddy Ricch,"16,907,510","-132,947",205,"23,016,594"
Sade,"16,901,813","-41,778",420,"17,856,977"
Lenny Tavárez,"16,878,891","-64,714",278,"22,544,589"
Maná,"16,827,088","-34,460",334,"19,468,590"
Manoj Muntashir,"16,818,624","94,402",455,"17,438,124"
Jonas Blue,"16,813,705","-108,937",226,"22,821,691"
YoungBoy Never Broke Again,"16,811,018","-51,628",288,"19,051,130"
Bon Iver,"16,806,138","2,133",287,"21,981,333"
Elley Duhé,"16,793,324","-4,628",150,"25,586,962"
Kacey Musgraves,"16,792,041","-36,748",182,"27,365,334"
MC Tuto,"16,682,048","-121,769",400,"18,873,532"
Polo G,"16,649,771","-42,557",263,"22,834,466"
Rahat Fateh Ali Khan,"16,622,939","-94,599",409,"18,354,980"
Tems,"16,599,239","-53,521",351,"20,045,383"
Jason Mraz,"16,506,954","-127,253",282,"21,336,382"
Lil Peep,"16,491,447","20,699",337,"21,168,577"
Bob Sinclar,"16,442,542","23,472",436,"17,742,161"
Grupo Firme,"16,442,410","-80,003",257,"22,421,731"
JVKE,"16,425,191","-45,985",110,"31,684,143"
Madhubanti Bagchi,"16,408,153","-85,040",418,"18,065,371"
My Chemical Romance,"16,398,081","-12,071",389,"19,625,163"
Alejandro Fernández,"16,386,009","-40,369",404,"16,927,210"
The Cure,"16,370,573","-21,762",354,"19,787,965"
GIMS,"16,369,318","-37,590",472,"16,498,030"
Jombriel,"16,316,363","83,204",475,"16,316,363"
Prince Royce,"16,308,122","-71,032",339,"18,754,885"
Lin-Manuel Miranda,"16,302,841","-27,645",461,"16,968,839"
The 1975,"16,300,967","8,697",341,"16,323,502"
Emilia,"16,300,729","156,952",337,"19,179,139"
Jaani,"16,296,783","-59,633",319,"21,270,757"
Asees Kaur,"16,263,186","-47,117",420,"17,605,775"
Nile Rodgers,"16,259,739","-2,047",209,"25,999,504"
PNAU,"16,238,365","-17,898",220,"22,323,897"
The Smiths,"16,228,731","-55,292",432,"17,960,171"
Lynyrd Skynyrd,"16,172,858","-18,984",389,"17,985,151"
Trueno,"16,144,678","-123,912",178,"28,176,321"
Yorghaki,"16,094,502","42,256",487,"16,094,502"
Gesaffelstein,"16,086,674","-43,189",273,"18,995,025"
Ice Cube,"16,077,916","-29,455",325,"18,290,286"
Alleh,"16,060,396","44,596",490,"16,060,396"
Carlos Vives,"16,048,693","-9,943",375,"18,576,958"
Anu Malik,"16,038,471","-68,877",435,"17,680,303"
Sean Kingston,"16,030,776","-13,204",381,"18,574,495"
Jung Kook,"16,017,268","-45,112",61,"40,791,781"
Latto,"16,006,939","-49,056",74,"38,062,951"
Mora,"16,003,916","-53,910",151,"27,760,085"
Devi Sri Prasad,"15,972,835","-53,812",350,"20,167,765"
Rochak Kohli,"15,956,596","-85,940",424,"18,078,217"
NATTI NATASHA,"15,956,475","-22,180",331,"17,498,549"
ATL Jacob,"15,934,756","-113,721",210,"25,072,953"
Muse,"15,905,708","14,603",480,"16,445,948"
Jay Wheeler,"15,880,760","42,405",300,"19,956,526"
Bill Withers,"15,810,356","-5,404",219,"25,445,001"
Neha Kakkar,"15,761,114","-56,521",397,"18,678,926"
Roxette,"15,748,836","55,690",505,"15,877,772"
Karan Aujla,"15,741,892","-212,537",349,"19,861,429"
Bob Dylan,"15,724,037","-100,383",492,"16,331,047"
Armin van Buuren,"15,685,917","-20,922",440,"16,690,011"
Eslabon Armado,"15,672,390","12,018",64,"40,132,836"
Frank Sinatra,"15,672,279","-13,264",33,"61,802,582"
John Mayer,"15,670,204","-88,801",327,"19,806,976"
De La Rose,"15,665,947","19,099",385,"19,272,035"
Kunaal Vermaa,"15,665,179","-84,190",419,"18,269,527"
George Ezra,"15,616,485","-31,095",291,"20,125,754"
Henrique & Juliano,"15,596,027","-17,805",461,"18,043,242"
David Bowie,"15,561,259","-13,537",317,"20,160,489"
Julieta Venegas,"15,492,586","-56,617",376,"19,459,228"
Luísa Sonza,"15,467,758","-96,635",456,"15,591,379"
Jasleen Royal,"15,450,330","-162,504",298,"19,937,199"
Cage The Elephant,"15,423,844","9,562",401,"18,343,382"
Steve Aoki,"15,419,011","15,589",216,"21,606,912"
Zedd,"15,386,372","-29,311",317,"17,028,438"
Palak Muchhal,"15,357,116","-128,822",414,"17,887,750"
Ñengo Flow,"15,351,568","-42,733",207,"22,145,574"
Julión Álvarez y su Norteño Banda,"15,344,636","-54,381",397,"18,790,693"
Mike Posner,"15,312,986","4,578",400,"17,945,456"
Piso 21,"15,308,331","-46,937",303,"20,327,383"
Morat,"15,302,455","48,410",344,"16,643,863"
Xavi,"15,272,272","17,027",129,"31,501,727"
Luis Miguel,"15,243,109","-17,427",309,"21,870,866"
Eladio Carrion,"15,236,882","-60,751",156,"26,738,598"
Armaan Malik,"15,235,228","-82,658",381,"16,761,065"
BLACKPINK,"15,234,695","-31,348",173,"25,116,235"
Darell,"15,231,932","-60,242",238,"22,214,709"
Rvssian,"15,226,391","61,773",180,"27,438,055"
WALK THE MOON,"15,207,864","23,674",410,"18,076,284"
Hotel Ugly,"15,194,263","-40,075",256,"23,321,907"
The Walters,"15,178,213","50,052",371,"19,385,847"
BigXthaPlug,"15,177,330","-27,819",452,"17,544,744"
KISS,"15,172,224","-57,822",475,"15,517,864"
Kim Petras,"15,147,838","-80,775",43,"46,551,289"
Darshan Raval,"15,138,417","-87,279",286,"20,349,184"
Rex Orange County,"15,129,415","-78,901",336,"16,337,237"
Adam Port,"15,128,210","-2,518",241,"24,739,687"
LE SSERAFIM,"15,109,403","64,158",476,"16,058,007"
Destiny's Child,"15,087,962","28,237",330,"22,189,099"
Little Mix,"15,078,680","-94,439",287,"19,963,380"
Jonita Gandhi,"14,984,607","-12,641",337,"18,322,100"
Justin Quiles,"14,888,823","-62,942",223,"21,581,896"
Kumaar,"14,886,261","52,630",316,"17,005,446"
MEDUZA,"14,869,144","-14,480",222,"22,148,251"
Alejandro Sanz,"14,848,001","-36,441",432,"16,050,901"
Scorpions,"14,774,466","-12,512",514,"15,076,766"
Robbie Williams,"14,757,098","6,431",392,"18,905,659"
Kane Brown,"14,756,839","35,760",418,"18,066,809"
Shania Twain,"14,752,148","-8,814",352,"17,682,454"
Banda MS de Sergio Lizárraga,"14,735,326","-10,972",393,"18,371,806"
Weezer,"14,707,451","-13,611",440,"17,152,581"
Dave,"14,689,046","-55,474",135,"29,100,809"
MC Ryan SP,"14,688,593","-51,889",349,"19,355,147"
Hariharan,"14,687,436","-16,255",538,"15,500,992"
Jøtta,"14,659,253","77,850",562,"14,659,253"
Sajid-Wajid,"14,655,534","-61,210",511,"16,051,379"
Thomas Rhett,"14,653,428","-3,235",564,"14,656,663"
Dimitri Vegas & Like Mike,"14,617,421","39,789",357,"19,897,730"
Lata Mangeshkar,"14,613,097","-31,593",523,"15,866,827"
David Kushner,"14,604,641","-62,058",143,"27,928,294"
S. P. Balasubrahmanyam,"14,601,692","-4,715",557,"15,257,452"
Grupo Marca Registrada,"14,577,130","108,324",264,"22,007,861"
Chayanne,"14,575,514","-36,023",474,"17,003,813"
Ricky Martin,"14,521,766","-17,372",365,"15,898,287"
DFZM,"14,511,687","133,408",572,"15,060,961"
Meek Mill,"14,506,303","-97,148",393,"15,553,179"
Dave Stewart,"14,495,457","-3,682",570,"14,587,408"
Morad,"14,462,521","-78,905",478,"16,713,544"
Slipknot,"14,457,936","45,584",543,"14,484,077"
Anuv Jain,"14,449,910","-91,848",504,"16,104,807"
bbno$,"14,443,980","23,064",578,"14,443,980"
Tove Lo,"14,413,528","-29,211",321,"16,726,850"
Three Days Grace,"14,403,445","31,284",580,"14,403,445"
Benny Dayal,"14,390,924","-36,554",522,"15,041,645"
John Newman,"14,357,259","-42,044",532,"15,591,878"
R3HAB,"14,349,879","-23,234",210,"23,584,295"
Varun Jain,"14,348,753","-32,805",535,"15,576,269"
Kylie Minogue,"14,334,935","21,557",233,"24,715,118"
Lenny Kravitz,"14,300,562",-86,580,"14,476,610"
W Sound,"14,300,287","157,200",587,"14,300,287"
Juan Luis Guerra 4.40,"14,214,834","-21,174",567,"14,960,252"
Boney M.,"14,211,451","19,180",268,"24,770,644"
Zé Felipe,"14,209,913","-118,203",544,"15,297,326"
Mc Livinho,"14,181,166","-7,871",591,"14,189,037"
Eurythmics,"14,176,486","-3,799",364,"19,541,941"
AURORA,"14,172,040","-41,877",473,"14,743,762"
A Boogie Wit da Hoodie,"14,141,128","-38,895",213,"22,882,543"
Sevdaliza,"14,129,111","-57,976",219,"25,431,578"
The Strokes,"14,116,351","3,515",423,"17,607,267"
¥$,"14,098,930","-47,049",106,"34,770,239"
Paulo Londra,"14,089,235","-36,601",401,"16,734,709"
Van Morrison,"14,039,962","-19,776",333,"21,361,390"
Pearl Jam,"14,039,665","-39,735",488,"15,656,385"
La Arrolladora Banda El Limón De Rene Camacho,"14,037,326","-40,990",594,"14,215,457"
mgk,"14,014,713","48,791",409,"16,617,303"
Ben E. King,"14,010,211","44,919",538,"14,010,211"
Bradley Cooper,"13,962,578","-13,577",457,"15,474,144"
PinkPantheress,"13,955,492","53,857",60,"39,844,680"
Cosculluela,"13,954,615","-41,944",589,"14,099,623"
The White Stripes,"13,937,271","-9,859",290,"22,483,264"
Bomba Estéreo,"13,932,464","-7,598",290,"18,055,394"
Divya Kumar,"13,931,268","-60,204",405,"18,610,694"
Lyanno,"13,910,215","-49,935",416,"15,200,027"
NIKI,"13,868,236","92,735",581,"13,868,236"
*NSYNC,"13,859,858","-113,927",138,"32,534,951"
Ms. Lauryn Hill,"13,853,132","-7,802",486,"16,319,683"
Keinemusik,"13,838,893","14,602",233,"25,010,459"
Madison Beer,"13,792,132","19,203",339,"19,836,973"
Salim–Sulaiman,"13,752,973","-93,119",524,"15,845,747"
Michael Bublé,"13,736,986","-17,093",13,"73,651,203"
Noah Cyrus,"13,732,167","34,608",339,"20,615,213"
Lizzo,"13,717,980","-167,908",105,"30,100,497"
Quavo,"13,713,919","-66,315",188,"27,599,002"
Milky Chance,"13,709,508","16,470",417,"16,426,763"
Dasha,"13,693,113","-77,793",221,"27,379,872"
Fred again..,"13,682,755","-19,727",397,"18,388,836"
M83,"13,662,267","-15,341",592,"13,703,361"
Papa Roach,"13,628,248","46,827",611,"13,792,009"
B Praak,"13,626,374","-77,570",366,"19,588,169"
Beach House,"13,624,130","-2,024",521,"14,605,177"
Black Sabbath,"13,622,780","6,592",465,"16,595,839"
Sukhwinder Singh,"13,610,770","-28,130",600,"13,919,468"
W&W;,"13,598,982","85,718",440,"17,304,881"
Electric Light Orchestra,"13,589,714","61,954",522,"14,986,263"
Rashmi Virag,"13,574,045","-34,687",617,"13,822,061"
Grupo Menos É Mais,"13,568,362","-44,485",537,"15,768,800"
Milo j,"13,556,835","-50,774",265,"21,285,336"
Laufey,"13,553,386","-48,145",89,"43,026,697"
Santana,"13,528,161","27,137",344,"13,528,161"
Jhené Aiko,"13,524,684","115,625",557,"13,720,267"
Bring Me The Horizon,"13,524,219","2,431",475,"15,125,559"
3 Doors Down,"13,520,206","-3,820",634,"13,629,628"
Jatin-Lalit,"13,516,114","-38,480",568,"15,018,105"
blackbear,"13,509,424","-39,562",259,"19,962,853"
J. Eskine,"13,490,719","1,333",642,"13,490,719"
girl in red,"13,482,281","-106,483",262,"23,016,471"
Camila,"13,458,950","-30,581",508,"15,900,239"
Gym Class Heroes,"13,447,182","-93,467",441,"16,413,777"
Raj Shekhar,"13,444,418","-95,009",521,"15,871,479"
KALEO,"13,435,794","89,388",470,"17,159,684"
Oruam,"13,406,263","-91,546",613,"13,892,210"
NF,"13,401,101","-30,769",275,"19,447,227"
Ana Castela,"13,395,661","-60,694",324,"20,415,436"
Dimitri Vegas,"13,373,884","43,709",446,"17,182,026"
B.o.B,"13,329,598","-90,073",312,"21,112,481"
Capital Cities,"13,310,612","-14,449",518,"15,735,026"
Joan Sebastian,"13,301,198","-43,133",610,"14,258,543"
Surf Curse,"13,293,944","111,615",319,"20,913,105"
NOTION,"13,288,937","32,874",652,"13,536,629"
Brray,"13,285,715","-51,523",405,"16,966,488"
Deftones,"13,277,486","29,935",658,"13,277,486"
Romy,"13,261,657","-83,790",584,"14,694,431"
Yebba,"13,217,488","-139,797",584,"14,544,599"
Kailash Kher,"13,217,404","-63,850",585,"14,686,805"
Stryv,"13,215,119","3,281",266,"23,709,586"
Nate Ruess,"13,207,748","176,738",573,"14,920,728"
Fergie,"13,195,607","2,098",562,"13,415,852"
Ankit Tiwari,"13,188,409","-130,314",529,"15,591,657"
Cher,"13,165,516","-4,459",217,"25,664,744"
Chezile,"13,128,684","6,529",417,"17,952,523"
MAGIC!,"13,105,144","2,233",549,"14,945,320"
Calle 24,"13,099,712","-27,982",347,"18,990,432"
KHEA,"13,068,496","-30,959",458,"16,911,588"
Alex Krack,"13,058,357","-16,873",671,"13,075,230"
Passenger,"13,056,339","-15,556",422,"16,765,920"
SYML,"13,053,074","-23,402",464,"14,726,953"
Niall Horan,"13,052,060","-40,187",129,"27,578,996"
Pablo Alborán,"13,045,237","52,251",519,"14,229,540"
Noriel,"13,031,353","-45,188",614,"14,106,226"
Chrystal,"13,027,735","23,731",663,"13,373,267"
Survivor,"13,026,772","-46,374",598,"13,878,844"
Gucci Mane,"13,015,312","-21,669",401,"16,561,931"
NewJeans,"13,011,473","-24,362",160,"26,786,050"
Mon Laferte,"12,997,609","107,326",673,"13,250,209"
Hans Zimmer,"12,994,715","-19,190",562,"14,296,237"
Van Halen,"12,992,458","-22,216",485,"14,349,969"
Tracy Chapman,"12,978,214","-3,179",348,"19,175,912"
Eric Clapton,"12,964,770","-14,126",550,"12,996,090"
Jorge & Mateus,"12,945,596","21,242",539,"15,856,100"
Zendaya,"12,942,764","-102,167",496,"15,183,083"
Depeche Mode,"12,938,835","-7,704",418,"16,717,329"
Lukas Graham,"12,938,700",362,407,"18,243,782"
AP Dhillon,"12,926,532","-63,053",394,"16,784,298"
Mark Ambor,"12,922,174","-25,571",134,"35,210,214"
Mary J. Blige,"12,912,517","-1,449",672,"13,174,253"
The Pussycat Dolls,"12,896,405","9,698",619,"13,238,304"
Fifth Harmony,"12,866,602","70,829",675,"12,866,602"
Taio Cruz,"12,848,427","-11,944",520,"14,270,300"
Cazzu,"12,818,962","322,487",679,"12,947,528"
Mc Davi,"12,814,588","175,838",670,"12,814,588"
fun.,"12,799,636","113,888",594,"13,389,730"
Shaan,"12,796,314","-36,781",623,"13,981,500"
Alec Benjamin,"12,793,041","-122,792",251,"23,650,761"
Bonnie Tyler,"12,791,607","-51,974",611,"13,559,948"
Jeet Gannguli,"12,776,255","-56,030",606,"14,340,794"
Jorja Smith,"12,773,412","31,892",469,"16,402,144"
Yeat,"12,773,015","-47,340",149,"28,149,740"
Marco Antonio Solís,"12,750,378","-32,648",643,"13,649,426"
K. S. Chithra,"12,737,172","-24,362",639,"13,272,650"
Mc Rodrigo do CN,"12,734,951","60,477",707,"12,734,951"
Rammstein,"12,699,405","-3,026",636,"12,832,035"
Becky Hill,"12,650,699","25,338",257,"20,058,164"
Rae Sremmurd,"12,645,684","-27,513",412,"15,144,345"
Manan Bhardwaj,"12,628,897","-49,144",247,"24,056,763"
Calibre 50,"12,624,091",280,488,"13,146,344"
MC G15,"12,620,427","155,752",713,"12,620,427"
Aitana,"12,584,022","10,472",411,"15,094,220"
Leon Bridges,"12,576,279","6,773",597,"13,761,494"
Alfredo Olivas,"12,570,629","-51,054",582,"13,862,718"
6LACK,"12,565,247","-37,028",321,"16,978,376"
Ella Henderson,"12,558,945","35,067",364,"17,142,204"
Rick Ross,"12,557,105","-31,587",514,"15,272,290"
The Smashing Pumpkins,"12,556,113","-39,942",659,"12,908,501"
Creed,"12,537,302","20,469",719,"12,537,302"
Ice Spice,"12,529,581","-22,219",49,"47,203,544"
Jesse & Joy,"12,529,000","-2,703",440,"15,999,739"
Eyedress,"12,515,595","36,159",399,"18,287,094"
Roop Kumar Rathod,"12,513,942","-51,050",623,"14,010,846"
Soulja Boy,"12,500,988","11,984",662,"12,500,988"
T.I.,"12,481,183","-17,596",587,"12,498,779"
Lil Tjay,"12,467,252","-97,530",268,"19,548,091"
LUDMILLA,"12,466,739","20,967",327,"19,760,775"
Mumford & Sons,"12,445,594","276,381",629,"12,578,885"
Johnny Cash,"12,441,899","-8,072",592,"13,632,777"
Gusttavo Lima,"12,425,204","4,640",508,"15,115,981"
Billy Idol,"12,411,789","-37,727",628,"12,638,681"
Los Tigres Del Norte,"12,410,658","-7,390",714,"13,052,632"
Sting,"12,409,369","-17,593",551,"14,870,169"
Los Enanitos Verdes,"12,388,959","-5,667",543,"15,265,491"
Belinda,"12,387,933","-2,802",585,"14,320,082"
Gente De Zona,"12,380,245","-16,297",713,"12,717,932"
DJ Luian,"12,367,884","-50,845",293,"19,413,064"
Tony Dize,"12,363,465","-13,930",481,"15,601,281"
Léo Foguete,"12,296,845","-73,579",568,"15,080,414"
Rod Stewart,"12,287,354","41,809",521,"15,047,871"
Audioslave,"12,268,029","43,914",743,"12,268,029"
La Oreja de Van Gogh,"12,255,223","-36,290",462,"17,350,078"
NATTAN,"12,225,672","-93,618",560,"15,450,750"
Zion,"12,224,197","-27,067",650,"13,259,878"
Brytiago,"12,214,863","-76,116",556,"13,359,249"
Eden Muñoz,"12,202,930","52,692",367,"17,438,441"
Wale,"12,177,943","-1,705",748,"12,179,648"
Zerb,"12,177,745","153,689",369,"18,649,657"
Dalex,"12,167,938","-46,171",355,"18,038,673"
G. V. Prakash,"12,161,997","6,832",673,"13,233,083"
James Blunt,"12,152,244","81,416",553,"12,707,443"
Arash,"12,149,167","23,024",754,"12,149,167"
D-Block Europe,"12,148,638","6,396",227,"23,915,073"
Matheus & Kauan,"12,128,625","-39,173",595,"14,665,070"
Mambo Kingz,"12,121,329","-54,144",298,"19,318,210"
Yng Lvcas,"12,104,935","49,900",101,"32,431,402"
Jack Johnson,"12,099,069","1,441",518,"15,485,519"
Sid Sriram,"12,091,973","5,119",596,"12,482,616"
Haddaway,"12,040,803","-12,829",753,"12,097,583"
Shubh,"12,006,575","-32,041",551,"13,540,727"
The Verve,"11,981,042","-9,617",763,"12,001,021"
Jowell & Randy,"11,979,113","-10,124",516,"13,905,356"
will.i.am,"11,970,779","1,430",566,"12,835,275"
Yuvan Shankar Raja,"11,966,194","-7,047",663,"13,133,325"
Busta Rhymes,"11,955,791","-9,611",599,"13,099,883"
Karthik,"11,954,106","-15,569",723,"12,491,189"
Shekhar Ravjiani,"11,947,922","-37,984",392,"15,805,465"
Wisin,"11,947,246","-27,982",405,"15,614,069"
Korn,"11,931,101","43,351",683,"12,292,792"
DJ Nelson,"11,927,623","-20,321",453,"16,878,140"
Kumar Sanu,"11,921,269","-32,306",701,"12,559,116"
ScHoolboy Q,"11,917,690","-72,390",492,"16,556,015"
Chief Keef,"11,879,053","-36,721",436,"15,873,183"
Snow Patrol,"11,877,552","-44,136",754,"12,280,298"
Prince,"11,868,420","-20,611",630,"12,369,141"
Thaman S,"11,861,184","-37,426",591,"14,566,351"
Ciara,"11,852,923","12,398",639,"12,431,393"
Ajay-Atul,"11,849,619","-34,996",597,"12,870,666"
Priya Saraiya,"11,822,959","-38,516",535,"15,607,281"
Gigi D'Agostino,"11,812,142","-14,987",509,"16,063,549"
Tinashe,"11,794,387","-24,462",377,"19,002,563"
Los Tucanes De Tijuana,"11,763,862","-10,783",484,"14,566,004"
Cults,"11,748,630","-6,367",463,"16,570,191"
Sadhana Sargam,"11,713,177","-38,176",726,"12,621,403"
Paul McCartney,"11,686,735","-29,167",79,"43,578,778"
Ofenbach,"11,659,713","17,700",392,"18,344,823"
Em Beihold,"11,616,566","-7,403",135,"26,666,031"
Scythermane,"11,608,937","77,203",790,"11,608,937"
Flo Milli,"11,601,184","-92,945",262,"22,109,344"
Isabel LaRosa,"11,600,846","23,033",323,"21,221,325"
Counting Crows,"11,590,579","13,131",734,"11,590,579"
Iyaz,"11,585,365","152,910",676,"12,842,021"
Lunay,"11,581,230","-31,555",456,"15,718,665"
A$AP Ferg,"11,563,208","-67,148",585,"12,719,676"
Rudimental,"11,561,053","22,373",439,"17,290,320"
Haze,"11,557,414","-9,666",644,"13,425,088"
Coi Leray,"11,544,899","-12,371",72,"38,479,080"
Dove Cameron,"11,523,988","-142,181",367,"15,363,797"
Harris Jayaraj,"11,516,467","-17,387",771,"11,926,169"
Jaideep Sahni,"11,510,065","-53,369",741,"12,501,212"
Olivia Newton-John,"11,504,023","-2,291",548,"15,711,570"
No Doubt,"11,503,843","-11,269",688,"12,498,646"
Mahalakshmi Iyer,"11,502,421","-8,835",764,"12,243,472"
Rvfv,"11,473,530","-135,703",647,"13,668,758"
Jax Jones,"11,459,083","128,547",354,"17,202,952"
Malachiii,"11,458,161","11,274",262,"23,766,421"
X Ambassadors,"11,455,585","-6,842",398,"14,934,403"
Zé Neto & Cristiano,"11,450,726",-269,584,"13,788,491"
Jungle,"11,447,545","4,274",544,"14,773,883"
Russ,"11,444,271","62,765",365,"17,041,050"
Mau y Ricky,"11,444,129","-26,916",489,"12,943,019"
Natalia Lafourcade,"11,440,155","58,047",685,"12,900,184"
Chuwi,"11,435,438","-96,973",629,"13,732,583"
TLC,"11,432,793","-64,529",509,"15,896,784"
Spice Girls,"11,425,332","-3,356",591,"13,114,444"
sombr,"11,417,789","469,988",818,"11,417,789"
Modern Talking,"11,400,351","43,386",651,"13,539,206"
Naughty Boy,"11,392,864","-68,565",459,"17,088,739"
Phoebe Bridgers,"11,381,050","-22,347",706,"13,144,215"
Kate Bush,"11,369,866","-18,074",424,"14,101,915"
6ix9ine,"11,347,856","-18,336",584,"12,167,814"
Aretha Franklin,"11,344,563","46,987",475,"17,009,365"
The Temper Trap,"11,341,995","-16,218",819,"11,358,213"
Nanpa Básico,"11,330,235","-7,184",788,"11,730,288"
The Game,"11,326,428","62,666",508,"13,935,195"
Mario,"11,322,792","-25,585",765,"12,052,280"
Orso,"11,320,344","19,075",265,"23,709,586"
Blondie,"11,317,367","-11,157",552,"13,208,088"
Victor Mendivil,"11,303,406","-23,936",827,"11,327,342"
Tina Turner,"11,300,418","12,882",308,"19,164,105"
WILLOW,"11,296,982","-14,183",360,"15,561,760"
Melanie Martinez,"11,287,774","-46,304",257,"20,251,491"
King Von,"11,283,798","4,897",833,"11,283,798"
Shafqat Amanat Ali,"11,282,990","-56,128",784,"11,768,210"
Bad Gyal,"11,274,241","-7,919",405,"16,628,326"
H.E.R.,"11,221,161","11,827",503,"13,009,255"
Flume,"11,216,919","-11,342",571,"13,480,342"
Olly Alexander (Years & Years),"11,198,383","-13,616",738,"12,384,382"
Lainey Wilson,"11,194,488","-28,766",653,"13,541,651"
M.I.A.,"11,189,518","-23,489",799,"11,834,296"
The Outfield,"11,168,274","-30,701",406,"18,751,264"
MC PH,"11,161,972","-66,877",542,"14,958,523"
OMI,"11,152,411","23,258",669,"13,042,332"
WizTheMc,"11,149,330","263,476",846,"11,149,330"
MARINA,"11,146,257","30,484",694,"11,146,257"
Galantis,"11,117,444","-14,694",338,"18,896,883"
Wham!,"11,114,898","23,547",13,"81,641,878"
Ram Sampath,"11,103,201","-24,180",472,"16,606,741"
Ace of Base,"11,102,394","12,699",815,"11,577,330"
DG e Batidão Stronda,"11,093,968","151,058",852,"11,093,968"
Rage Against The Machine,"11,078,013","-12,969",737,"11,117,604"
Lionel Richie,"11,037,874","-3,137",641,"11,623,824"
Asha Bhosle,"11,025,699","-14,915",822,"11,473,827"
Crowded House,"11,025,570","-40,106",681,"13,009,112"
Riley Green,"11,014,584","5,067",851,"11,082,028"
Tokischa,"11,012,504","-6,844",394,"17,115,778"
Sublime,"11,007,672","20,196",715,"12,352,613"
James Bay,"11,001,647","-46,871",571,"12,803,948"
Sin Bandera,"10,999,599","7,636",826,"11,035,041"
Hindia,"10,985,151","29,193",862,"10,985,151"
Nakash Aziz,"10,971,488",-365,819,"11,643,142"
Luke Bryan,"10,966,833","-3,272",601,"12,170,317"
Hoobastank,"10,963,088","-70,078",806,"11,553,185"
Santa Fe Klan,"10,961,515","-36,449",576,"12,886,402"
Normani,"10,956,707","-39,305",521,"13,231,383"
Sixpence None The Richer,"10,953,237","1,189",664,"13,190,880"
New West,"10,942,616",777,421,"15,372,580"
Yan Block,"10,936,662","-54,988",725,"12,817,307"
R. D. Burman,"10,927,157","-13,379",731,"12,335,423"
Imanbek,"10,915,377","-21,975",280,"18,669,813"
j-hope,"10,898,364","101,104",640,"10,898,364"
Vicente Fernández,"10,889,634","-50,586",647,"14,287,433"
Nikhita Gandhi,"10,880,428","-23,485",485,"14,908,425"
MC LUUKY,"10,862,418","-35,543",739,"12,764,479"
bees & honey,"10,859,039","259,060",877,"10,859,039"
La Adictiva,"10,858,486","51,031",647,"11,844,888"
Simone Mendes,"10,852,965","-36,225",535,"14,861,604"
DENNIS,"10,843,821","-114,096",432,"17,466,515"
Mazzy Star,"10,822,499","-3,176",803,"11,747,333"
Miguel Bosé,"10,810,078","67,977",653,"11,632,240"
Marília Mendonça,"10,792,558","-29,553",398,"14,932,890"
Timmy Trumpet,"10,788,148","-9,470",648,"11,977,506"
Beach Weather,"10,786,536","20,479",597,"13,538,779"
Selena Gomez & The Scene,"10,784,447","22,788",525,"13,559,306"
Kany García,"10,783,821","-23,147",600,"13,949,342"
Soda Stereo,"10,783,635","7,846",654,"12,924,399"
Kavita Krishnamurthy,"10,781,405","-17,029",834,"11,404,575"
Tones And I,"10,778,421","-16,988",416,"15,010,580"
Alef Donk,"10,764,817","-132,554",856,"11,050,344"
SOG,"10,755,155","116,719",656,"13,624,856"
Sam Barber,"10,748,983","5,735",851,"11,301,562"
The Clash,"10,731,615","-91,058",507,"16,396,253"
Tyler Childers,"10,712,465","5,965",610,"13,302,962"
Moneybagg Yo,"10,703,851","-2,429",543,"13,691,597"
Laura Pausini,"10,701,143","-38,390",517,"16,503,545"
Silk Sonic,"10,699,992","-19,084",373,"15,167,191"
Mc Paiva ZS,"10,699,515","-48,001",786,"11,925,060"
Pabllo Vittar,"10,696,455","-56,664",242,"24,426,272"
Ke Personajes,"10,676,573","-28,382",595,"13,811,908"
Seeb,"10,655,381","4,805",603,"13,308,958"
MC Kevin o Chris,"10,646,708","-28,008",317,"19,054,899"
Abhijeet,"10,645,463","-54,310",826,"11,393,160"
Luan Pereira,"10,640,905","-75,164",488,"16,440,555"
Raghav Chaitanya,"10,639,353","-24,823",754,"12,272,593"
YNW Melly,"10,625,725","34,279",619,"12,098,740"
LMFAO,"10,615,309","-18,878",898,"10,695,046"
MC Cebezinho,"10,587,414","-27,519",869,"10,985,004"
The Doors,"10,576,909","-18,108",576,"14,836,797"
Felipe Amorim,"10,558,053","-61,425",628,"12,110,443"
Men At Work,"10,540,856","37,113",620,"13,582,552"
Maren Morris,"10,534,795","44,142",432,"14,821,271"
Mc Don Juan,"10,528,090","-39,942",421,"17,278,848"
José José,"10,516,549","-11,669",769,"11,875,861"
Neeraj Shridhar,"10,512,001","-17,483",822,"11,465,019"
Gulzar,"10,505,430","-24,950",859,"11,135,190"
ZZ Top,"10,504,676","6,226",644,"12,205,493"
The Beach Boys,"10,499,959","2,843",161,"31,364,150"
Jessie Murph,"10,493,157","53,753",707,"12,832,690"
Montell Fish,"10,489,925","-5,362",614,"13,623,841"
America,"10,484,901","56,537",654,"13,190,209"
Rekha Bhardwaj,"10,483,996",180,841,"11,380,223"
Andy Grammer,"10,482,471","-3,157",733,"10,496,391"
Blake Shelton,"10,482,274","68,110",329,"21,028,245"
John Lennon,"10,474,903","-23,742",80,"42,190,219"
For Revenge,"10,471,627","23,069",919,"10,483,944"
Daecolm,"10,466,406","23,625",920,"10,670,260"
Mismatched - Cast,"10,453,741","-63,363",757,"12,214,315"
Alvaro Diaz,"10,452,793","15,212",487,"16,168,880"
bôa,"10,446,022","13,364",923,"10,451,166"
Altamash Faridi,"10,421,692","45,706",530,"13,542,217"
Carrie Underwood,"10,412,901","35,246",663,"11,844,710"
cassö,"10,405,046","3,879",265,"21,787,952"
Rascal Flatts,"10,389,822","40,642",822,"10,389,822"
Murilo Huff,"10,385,185","6,148",623,"13,512,150"
070 Shake,"10,384,229","-24,734",101,"30,903,161"
Shweta Mohan,"10,371,752","13,357",820,"11,531,406"
Skepta,"10,350,227","46,475",939,"10,350,227"
The Cardigans,"10,349,875","-14,225",742,"12,158,038"
Seafret,"10,347,783","19,424",480,"12,965,413"
Manu Chao,"10,346,062","29,617",650,"12,111,612"
Bailey Zimmerman,"10,335,212","15,667",739,"11,564,754"
Duran Duran,"10,325,635","-72,467",830,"11,106,815"
Rag'n'Bone Man,"10,319,775","-23,791",475,"16,109,002"
Indila,"10,318,441","-9,800",813,"11,185,834"
Yseult,"10,290,824","-59,934",288,"22,756,249"
Richy Mitch & The Coal Miners,"10,288,169","-42,122",218,"25,801,578"
Anurag Saikia,"10,277,416","-62,929",777,"11,917,389"
Purple Disco Machine,"10,265,207","16,658",451,"14,934,992"
Joel Corry,"10,255,147","-9,084",301,"18,601,830"
Kungs,"10,251,093","1,291",401,"16,546,336"
Jarabe De Palo,"10,244,146","-5,107",848,"11,288,754"
Juan Gabriel,"10,242,105","16,479",777,"11,167,757"
NAV,"10,240,733","90,991",203,"24,009,796"
Edgardo Nuñez,"10,235,712",888,431,"16,906,197"
Tom Petty,"10,227,363","-5,694",680,"12,072,427"
2 Chainz,"10,213,945","-46,329",518,"13,825,486"
Wesley Safadão,"10,210,921","-69,887",630,"12,636,327"
$uicideboy$,"10,210,008","-18,892",603,"12,765,583"
Sameer Anjaan,"10,201,112","-44,217",848,"11,085,875"
Florida Georgia Line,"10,183,804","-5,577",505,"13,886,025"
bbyclose,"10,180,507","41,221",884,"11,000,184"
Kishore Kumar,"10,178,668","-31,720",885,"10,896,830"
Stray Kids,"10,177,999","20,729",682,"13,521,875"
Tammi Terrell,"10,167,207","8,489",445,"16,282,284"
Haricharan,"10,157,825","1,244",836,"11,307,565"
Mr. Probz,"10,153,449","22,719",968,"10,153,449"
Juicy Luicy,"10,152,491","-12,441",741,"12,110,384"
Yami Safdie,"10,140,911","-40,662",673,"13,185,058"
Nio Garcia,"10,137,344","-17,099",484,"13,791,945"
Disciples,"10,122,061","12,004",755,"11,871,137"
Lily Allen,"10,118,380","86,321",973,"10,118,380"
Addison Rae,"10,110,326","-35,708",450,"17,534,490"
Monali Thakur,"10,109,288","-29,644",948,"10,320,185"
Matt Sassari,"10,103,396","-13,532",722,"12,242,661"
Avenged Sevenfold,"10,082,695",-962,715,"12,268,247"
Bernadya,"10,075,735","-15,924",505,"16,108,630"
Portugal. The Man,"10,069,212","222,793",590,"14,507,187"
aespa,"10,062,352",-798,619,"13,739,202"
Ryan Lewis,"10,061,275","-14,522",181,"27,624,928"
Chicago,"10,047,174","-29,015",790,"11,621,396"
Owl City,"10,041,853",352,753,"10,725,335"
Ikky,"10,026,853","-177,526",880,"10,572,303"
Edward Maya,"10,018,977","-55,217",859,"11,317,460"
Hanumankind,"10,013,073","62,415",244,"24,453,289"
Nadin Amizah,"10,011,210","-11,354",848,"10,260,623"
Blur,"10,006,553","-78,986",556,"12,999,306"
Jasiel Nuñez,"10,004,342","16,804",713,"12,779,992"
Novo Amor,"10,000,340","-27,926",951,"10,071,318"
Luck Ra,"9,980,031","-48,149",571,"14,861,035"
Jason Aldean,"9,970,210","58,984",698,"11,170,383"
INNA,"9,969,972","-51,846",646,"13,405,922"
DMX,"9,960,113","-15,097",615,"10,919,370"
Alice In Chains,"9,957,521","13,381",990,"9,980,835"
Shashaa Tirupati,"9,956,464","-25,981",797,"10,704,517"
Antara Mitra,"9,939,376","-38,047",948,"10,290,610"
Wizkid,"9,928,308","-8,589",523,"13,758,308"
PAWSA,"9,909,784","-12,470",969,"10,316,051"
Key Glock,"9,908,144","-3,714",444,"16,394,056"
Nueva H,"9,907,853","-35,539",983,"10,032,800"
Simon & Garfunkel,"9,901,950","-7,267",488,"16,424,922"
John Summit,"9,899,496","123,087",841,"11,263,759"
Jorsshh,"9,898,056","-22,652",983,"10,013,426"
Hombres G,"9,890,616","6,562",589,"14,682,087"
Leon Thomas,"9,888,958","143,155",1006,"9,888,958"
Grelo,"9,878,346","-90,204",758,"12,242,458"
Mika Singh,"9,876,518","-19,655",958,"10,371,323"
ERNEST,"9,867,639","22,681",618,"14,052,464"
Will Smith,"9,861,990","94,074",819,"11,424,925"
Suki Waterhouse,"9,835,008","-47,271",915,"10,518,504"
Diego & Victor Hugo,"9,808,574","68,896",873,"10,584,752"
Tego Calderón,"9,807,036","10,592",746,"12,169,352"
Mötley Crüe,"9,786,862","54,251",924,"9,786,862"
TWICE,"9,782,376","-50,489",499,"12,855,155"
Thalia,"9,781,488","-42,475",699,"10,518,720"
Zac Efron,"9,774,088","-47,205",810,"11,283,312"
Aditya Rikhari,"9,772,916","22,148",975,"10,342,001"
Ricky Montgomery,"9,772,817",562,1010,"9,950,805"
Nadeem Shravan,"9,729,982","-32,179",1005,"9,867,233"
Gustavo Mioto,"9,718,887","-31,868",616,"12,902,041"
Keyshia Cole,"9,689,093","2,728",793,"11,212,896"
Icona Pop,"9,684,681","38,498",597,"13,570,205"
DNCE,"9,680,365","-3,479",591,"12,178,319"
PEDRO SAMPAIO,"9,665,922","-134,205",649,"12,430,384"
CamrinWatsin,"9,660,596",904,861,"11,199,808"
Nessa Barrett,"9,658,034","6,101",855,"11,023,137"
SAIKO,"9,649,483","-28,504",418,"16,442,141"
Skillet,"9,647,802",-325,906,"10,695,017"
George Harrison,"9,642,195","-29,632",977,"10,292,276"
Lauana Prado,"9,635,849","6,850",760,"11,452,065"
Clams Casino,"9,634,861","2,884",920,"10,616,117"
John Martin,"9,633,068","-43,634",668,"11,535,835"
Brooks & Dunn,"9,621,234","38,516",866,"11,338,905"
Bazzi,"9,618,419",542,428,"14,609,192"
The Doobie Brothers,"9,617,076","85,150",706,"12,568,883"
Patrick Watson,"9,610,103","-28,981",666,"13,136,966"
BL3SS,"9,607,549",-665,879,"11,028,027"
Siddharth - Garima,"9,606,916","-21,725",549,"14,517,947"
Adolescent's Orquesta,"9,605,822","-33,241",1005,"9,920,381"
RÜFÜS DU SOL,"9,605,612","15,897",1036,"9,650,200"
Lyodra,"9,602,498","8,271",839,"11,343,249"
Rita Ora,"9,591,268","-17,220",350,"15,748,850"
Kenny Rogers,"9,584,566","12,978",842,"10,796,353"
Stebin Ben,"9,580,535","-46,749",636,"13,780,383"
"Tito ""El Bambino""","9,574,410",839,930,"10,213,056"
Jon Pardi,"9,569,856","20,451",849,"10,289,056"
Sandro Cavazza,"9,568,933","-88,199",703,"12,693,895"
Ferrugem,"9,554,095","-14,407",920,"10,934,806"
Birdy,"9,546,219","-4,235",662,"11,832,939"
Dermot Kennedy,"9,541,506","27,030",405,"14,690,713"
Tulus,"9,536,496","2,979",858,"11,011,004"
Luar La L,"9,534,745","-79,261",605,"12,945,000"
YG,"9,527,568","38,609",530,"12,471,725"
Odetari,"9,525,315","-7,828",611,"14,062,107"
Wheatus,"9,524,842","18,519",1056,"9,524,842"
Jazzy,"9,523,039","-9,816",1019,"9,947,881"
Love Funk,"9,522,174","-38,628",1000,"10,197,626"
Sohail Sen,"9,490,961","-4,456",1059,"9,505,293"
Maiara & Maraisa,"9,478,007","-37,366",622,"13,295,151"
Mc Leozin,"9,459,915","-60,340",717,"12,290,958"
Father John Misty,"9,458,607","-15,707",574,"13,624,258"
Luan Santana,"9,449,590","-65,352",479,"15,797,554"
Frankie Ruiz,"9,441,406","-42,551",1034,"9,757,544"
Jory Boy,"9,436,295","-8,277",1062,"9,467,196"
Jimmy Eat World,"9,432,709","-14,039",679,"12,294,605"
Mc IG,"9,423,596","-18,309",640,"12,825,821"
Lizzy McAlpine,"9,413,768","21,942",293,"18,459,665"
Sky Rompiendo,"9,407,097","-32,838",403,"16,344,563"
Nicky Youre,"9,403,014","48,107",362,"16,422,807"
Mc Th,"9,398,405","-88,617",919,"10,677,403"
Sophie Ellis-Bextor,"9,384,504","33,805",226,"23,967,750"
Victor Valverde,"9,384,433","163,293",1073,"9,384,433"
Ariis,"9,378,402","-22,624",787,"11,995,767"
Sum 41,"9,374,852","69,013",788,"11,437,182"
Avery Anna,"9,367,417","8,387",1074,"9,367,417"
Masego,"9,362,038","-40,960",733,"11,852,173"
Ozzy Osbourne,"9,338,787","-30,362",805,"10,761,665"
LANY,"9,325,794","-8,282",768,"10,264,738"
Stormzy,"9,316,332","-26,506",690,"12,387,299"
James Hype,"9,300,519","42,896",460,"13,541,656"
Carla Morrison,"9,297,560","1,144",565,"11,635,580"
L7NNON,"9,288,358","-13,694",583,"12,086,026"
Heart,"9,283,148","-6,070",717,"10,760,608"
Like Mike,"9,281,990","1,516",519,"15,371,036"
Ludovico Einaudi,"9,279,090","-49,691",919,"10,189,884"
DJ Glenner,"9,256,359","-65,328",721,"12,956,235"
Mustard,"9,254,197","-45,884",477,"16,679,943"
Emmanuel,"9,249,355","14,257",1089,"9,249,355"
Jordan Davis,"9,244,950","87,342",689,"11,670,670"
Payal Dev,"9,240,572","-44,572",559,"13,540,518"
Kool & The Gang,"9,240,244","3,697",875,"10,031,067"
Michael Marcagi,"9,230,592","-24,794",307,"21,166,338"
Feby Putri,"9,230,405","27,488",1020,"9,814,706"
Diddy,"9,230,316","-39,738",398,"16,823,499"
Yuridia,"9,226,090","-4,380",569,"11,987,029"
Kevin Kaarl,"9,222,894","54,157",1052,"9,222,894"
Paul Simon,"9,217,439","-12,040",932,"9,239,149"
Naresh Iyer,"9,214,158","-4,204",1099,"9,324,119"
DJ Oreia,"9,207,303","-25,451",900,"10,829,245"
Clave Especial,"9,195,033","-15,382",1066,"9,780,206"
The Mamas & The Papas,"9,187,017","-2,814",622,"13,830,643"
Andmesh,"9,173,490","-44,039",818,"11,659,415"
Pixies,"9,168,770","2,778",778,"10,439,571"
Franz Ferdinand,"9,165,556","34,084",995,"9,942,995"
MC Marks,"9,164,797","-56,476",879,"11,413,079"
Idina Menzel,"9,163,523","-27,080",213,"27,851,083"
Connor Price,"9,159,433","60,226",908,"10,293,507"
Dom Dolla,"9,158,769","6,616",1077,"9,312,041"
Chance Peña,"9,154,331","-72,665",564,"14,147,981"
Cafuné,"9,148,467","21,143",1111,"9,272,854"
Sorriso Maroto,"9,140,029","7,345",1053,"9,893,388"
Logic,"9,139,649","-25,617",431,"13,970,820"
Nas,"9,137,570","-16,241",547,"13,392,042"
Guilherme & Benuto,"9,136,406","-23,935",525,"14,877,807"
Ha*Ash,"9,134,905","-144,068",918,"10,568,188"
keshi,"9,133,742","-24,263",504,"13,668,403"
DJ TOPO,"9,132,248","-96,392",721,"12,220,776"
Alanis Morissette,"9,131,824","58,153",1063,"9,189,304"
Yeah Yeah Yeahs,"9,124,274","-9,095",816,"11,556,510"
Sonny Fodera,"9,121,248","-7,709",1113,"9,330,307"
Omah Lay,"9,118,998","1,915",767,"11,853,184"
Ashe,"9,117,941","-19,404",516,"14,091,983"
Cardenales De Nuevo León,"9,113,320","-31,195",938,"10,788,169"
Mahalini,"9,110,844","-17,925",708,"12,445,107"
ILLIT,"9,109,742","-5,803",420,"17,757,605"
Gera MX,"9,108,354","-5,166",706,"11,401,409"
Arko,"9,100,318","-3,394",1079,"9,530,805"
Dilsinho,"9,090,482","-9,488",762,"11,575,175"
Modjo,"9,083,723","29,744",1130,"9,083,723"
Vacations,"9,077,445","-7,309",808,"11,167,410"
Javed Bashir,"9,072,556","8,850",1124,"9,260,526"
Oliver Tree,"9,065,754","-19,380",85,"33,995,315"
Santhosh Narayanan,"9,063,188","-23,214",943,"10,384,118"
Kansas,"9,059,605","37,852",646,"13,264,985"
Descemer Bueno,"9,059,146","-9,937",1095,"9,332,336"
Israel & Rodolffo,"9,057,254","-7,212",656,"11,805,143"
MC Rick,"9,055,789","-62,035",1026,"9,814,519"
Lloyd,"9,055,563","49,636",1139,"9,055,563"
hey daisy,"9,053,303","44,599",426,"14,690,270"
Eric Church,"9,052,432","20,649",734,"11,083,348"
Yusuf / Cat Stevens,"9,043,726","-9,247",722,"11,465,268"
Tenxi,"9,036,528","-24,737",1094,"9,355,954"
Hugo & Guilherme,"9,029,709","-70,514",706,"12,194,388"
Tochi Raina,"9,026,841",-489,955,"9,896,279"
FKJ,"9,022,456","21,460",1072,"9,022,456"
Willie Colón,"9,022,291","-27,957",898,"11,231,664"
MixSingh,"9,018,433",493,1093,"9,608,882"
The Temptations,"9,005,509","10,928",631,"13,625,814"
Of Monsters and Men,"8,987,849","3,042",958,"9,840,281"
Ely Oaks,"8,985,363","110,474",1151,"8,985,363"
iann dior,"8,983,721","-20,847",438,"14,436,905"
Starship,"8,983,246","1,204",847,"11,197,892"
Bleachers,"8,982,618","3,835",633,"14,449,206"
Cartel De Santa,"8,971,435","-27,578",376,"15,547,760"
Natanzinho Lima,"8,971,346","-50,965",912,"10,752,425"
Mc Negão Original,"8,966,784","-11,516",1134,"9,080,883"
John Travolta,"8,961,085","8,091",688,"13,226,920"
24kGoldn,"8,959,502","-8,010",393,"15,117,675"
Luis Enrique,"8,954,312","-44,269",1141,"9,043,727"
Natalie Imbruglia,"8,948,042","-34,819",862,"11,016,168"
Norma Jean Martine,"8,930,762","-55,013",575,"14,075,257"
Jemsii,"8,930,184","-24,927",1118,"9,251,719"
Zoé,"8,928,308","-7,558",1153,"8,961,410"
Naykilla,"8,927,124","-25,378",1117,"9,253,851"
Tim McGraw,"8,923,649","5,508",590,"14,643,751"
Dhanush,"8,921,546",428,1021,"9,866,845"
Chuyin,"8,914,803","-35,622",1153,"8,993,394"
Lykke Li,"8,908,922","-30,362",860,"10,857,162"
Supertramp,"8,905,557","-26,933",770,"11,079,047"
Boladin 211,"8,898,970","-56,092",1070,"9,544,979"
BENNETT,"8,898,946","-27,533",603,"13,437,506"
John Denver,"8,896,776","12,313",600,"13,363,125"
ILLENIUM,"8,885,949","7,550",570,"12,528,350"
The Black Keys,"8,874,447","7,470",621,"13,313,966"
Kenny Loggins,"8,871,124","9,769",718,"10,716,636"
JR Torres,"8,858,342","74,514",1177,"8,858,342"
Alex Rose,"8,857,017","-28,404",1137,"9,157,515"
The Adventures Of Stevie V,"8,851,395","-16,822",1088,"9,505,114"
Hades66,"8,848,766","76,202",1180,"8,848,766"
JISOO,"8,840,444","-149,856",358,"16,659,396"
Seu Jorge,"8,840,256","-49,049",553,"14,779,841"
RaiNao,"8,838,808","-112,697",315,"21,341,252"
Etta James,"8,835,047","7,689",708,"11,990,433"
Kelsea Ballerini,"8,829,330","4,231",649,"10,785,406"
Leona Lewis,"8,820,649","-11,860",295,"23,234,916"
Cody Johnson,"8,799,142","156,414",937,"10,274,474"
Kidd Voodoo,"8,792,100","170,133",1188,"8,792,100"
Wallows,"8,791,331","62,063",648,"13,176,091"
Los Dareyes De La Sierra,"8,790,463","57,407",542,"13,881,841"
MKTO,"8,786,243","3,877",831,"11,109,215"
.Feast,"8,783,016","14,101",1192,"8,783,016"
Smash Mouth,"8,780,576","-18,866",817,"11,323,052"
Shaarib Toshi,"8,774,411","-47,630",963,"10,056,906"
Zac Brown Band,"8,774,318","20,045",654,"11,797,952"
MNEK,"8,759,805","-27,067",451,"13,903,326"
ELENA ROSE,"8,753,358","-12,051",1024,"9,812,618"
Joe Jonas,"8,748,722","-84,729",1120,"9,182,430"
Orochi,"8,740,566","2,902",919,"10,501,022"
Laxmikant–Pyarelal,"8,725,988","-20,959",1190,"8,829,528"
Simple Plan,"8,725,371","48,774",1126,"9,192,504"
Chris Jedi,"8,721,547","-47,751",736,"11,817,178"
Melendi,"8,716,106","7,987",1086,"9,330,997"
Fitz and The Tantrums,"8,710,222","74,985",756,"11,667,964"
James Blake,"8,701,931","-29,520",582,"12,512,105"
Men I Trust,"8,698,945","58,864",844,"10,199,300"
Nate Smith,"8,696,058","-20,426",877,"10,843,323"
Jimin,"8,688,828","-34,824",374,"17,889,425"
D.O.D,"8,686,906","-13,892",1101,"9,427,230"
Vintage Culture,"8,678,291","7,550",961,"10,029,332"
Intense,"8,675,073","-21,423",1018,"9,870,097"
Jay Sean,"8,673,069","-25,286",959,"9,734,442"
Chris Lake,"8,671,921","85,530",815,"11,248,545"
Willy William,"8,667,275","4,224",780,"10,376,125"
Mari Fernandez,"8,660,819","-26,681",515,"14,086,116"
NXGHT!,"8,657,694","22,132",1216,"8,657,694"
Cristian Castro,"8,654,964","-80,343",986,"10,043,229"
Amarabha Banerjee,"8,641,504","-62,270",942,"10,374,862"
Gerardo Ortiz,"8,632,297","118,780",888,"9,489,617"
Sofiya Nzau,"8,626,204","57,764",832,"11,204,619"
Hailee Steinfeld,"8,623,454","-31,359",440,"14,217,074"
INXS,"8,613,229","-18,467",798,"10,326,929"
Lasso,"8,611,503","-23,590",750,"11,949,377"
Damiano David,"8,608,778","-195,499",1187,"8,804,277"
Sufjan Stevens,"8,608,722","-21,438",841,"10,726,112"
Ravyn Lenae,"8,601,742","151,077",1226,"8,601,742"
Chance the Rapper,"8,580,780","-17,157",623,"10,952,938"
Elevation Worship,"8,572,602","-18,416",1214,"8,639,385"
Randy,"8,562,248","-35,335",1157,"9,032,725"
Dread Mar I,"8,552,456","-24,693",912,"9,781,524"
Last Child,"8,551,872","5,186",1014,"9,958,369"
alt-J,"8,551,609","-13,318",843,"10,387,663"
Nilo,"8,532,369","-56,297",1000,"10,086,426"
Ilaiyaraaja,"8,531,377","-9,353",1108,"9,012,284"
London Symphony Orchestra,"8,529,394",-803,842,"11,208,736"
Sasha Alex Sloan,"8,521,744","-15,863",463,"14,497,829"
Micro TDH,"8,514,638","-2,387",732,"11,447,644"
Nusrat Fateh Ali Khan,"8,505,546","-74,487",974,"9,846,417"
Pawan Singh,"8,502,320","-20,197",746,"12,240,308"
Naeleck,"8,499,042","9,340",654,"12,632,163"
Oh Wonder,"8,496,997","51,538",902,"9,535,371"
Nina Simone,"8,496,220","-1,961",990,"9,752,031"
Selena,"8,491,739","21,116",899,"10,536,136"
Dan + Shay,"8,490,297","-5,534",388,"18,547,976"
4 Non Blondes,"8,490,037","-16,018",1135,"9,114,785"
La Bouche,"8,487,895","-83,077",645,"13,267,972"
Far East Movement,"8,481,124","-15,011",1194,"8,833,921"
Benny Benassi,"8,479,092","32,629",896,"9,607,912"
Akhil Sachdeva,"8,453,528","-53,973",1044,"9,805,446"
Declan McKenna,"8,444,989","10,398",947,"10,097,970"
MC GP,"8,438,837","-61,442",792,"11,123,412"
Sam Feldt,"8,430,161","-2,425",435,"15,313,300"
Juan Magán,"8,425,834","-8,939",986,"9,711,529"
ENHYPEN,"8,416,491","-20,117",861,"10,254,021"
Majid Jordan,"8,413,562","-9,240",934,"9,587,875"
wave to earth,"8,411,525","-27,176",1122,"9,233,028"
Ivan Cornejo,"8,403,343","6,332",1162,"8,816,285"
Louis Armstrong,"8,400,428","-7,843",331,"20,774,856"
Simple Minds,"8,399,847","-1,247",937,"9,745,879"
King,"8,399,095","-46,436",392,"16,307,386"
Jósean Log,"8,389,813","27,847",1217,"8,642,940"
Bakar,"8,382,336","-76,809",461,"16,733,660"
MC Cabelinho,"8,367,438","-34,774",706,"11,710,253"
UB40,"8,366,977","7,662",975,"10,009,316"
Loreen,"8,363,649","-5,081",329,"18,358,956"
Danna Paola,"8,357,826","-52,715",531,"12,298,665"
Alex G,"8,344,048","-20,324",978,"10,156,874"
Fugees,"8,337,398","-8,049",925,"10,083,894"
The Emotions,"8,337,150","78,537",1213,"8,888,514"
Filipe Ret,"8,331,376","1,504",973,"9,751,661"
R. City,"8,325,795","5,322",1174,"8,642,651"
Thundercat,"8,322,170","-3,703",447,"14,506,297"
Ñejo,"8,322,024","-10,163",634,"12,006,529"
Casper Magico,"8,307,959",-767,936,"9,193,558"
Warren Zeiders,"8,298,000","-4,389",1201,"8,549,333"
Ricardo Arjona,"8,297,071","-36,629",838,"9,785,219"
Anuradha Paudwal,"8,293,069","-19,470",1077,"9,284,108"
MF DOOM,"8,288,527","-10,084",1061,"9,588,344"
Trey Songz,"8,287,014","-5,746",1091,"8,292,760"
Cynthia Erivo,"8,284,457","-76,435",646,"14,195,711"
Ray Charles,"8,281,304","23,225",849,"11,195,360"
El Bogueto,"8,281,182","-42,106",1033,"9,918,622"
C. Tangana,"8,280,889","-9,048",700,"11,454,863"
Dj LK da Escócia,"8,272,409","54,765",1284,"8,272,409"
Dhruv,"8,272,201","75,903",704,"12,466,780"
Henry Moodie,"8,271,992","206,132",692,"12,542,437"
Two Feet,"8,267,641","-20,757",856,"9,668,762"
Alisha Chinai,"8,258,269","-46,438",1104,"9,392,564"
Papon,"8,257,422","-9,108",1262,"8,450,569"
CKay,"8,257,001","-19,167",429,"15,504,745"
Pomme,"8,252,355","-21,053",508,"16,931,754"
Norah Jones,"8,250,985","2,522",671,"12,891,772"
JC Reyes,"8,248,758","44,951",1076,"9,331,055"
Aqua,"8,244,130","-11,525",61,"41,819,994"
Henry Freitas,"8,236,274","-110,792",876,"11,007,403"
Harshdeep Kaur,"8,233,627","-7,765",1203,"8,798,573"
Ghost,"8,227,637","22,974",778,"10,413,273"
MC Jvila,"8,219,080",-238,1196,"8,853,798"
Los Bukis,"8,214,008","-18,640",1006,"10,308,020"
Megan Moroney,"8,204,632","44,304",1222,"8,793,604"
